user_id,post_id,liked,commented,shared,watch_time_sec
131,1684,0,0,0,259
2,1862,1,0,1,0
119,1156,1,0,1,0
100,1591,0,0,0,0
122,1573,1,1,0,0
54,1464,1,1,0,0
107,1868,1,0,0,0
81,2152,0,0,0,0
100,1723,0,0,0,0
65,1818,0,0,0,61
72,1524,0,0,0,285
128,1801,0,0,0,0
82,1113,1,0,0,0
139,2085,1,0,0,0
51,2108,0,0,1,40
22,2001,1,1,0,0
6,1886,1,0,0,0
126,2016,0,0,0,73
50,1802,1,0,0,250
105,1350,0,0,0,0
78,1096,1,0,0,415
50,2073,0,1,0,0
78,2059,0,0,1,0
21,2037,1,0,0,0
53,2120,1,0,0,0
11,1907,1,1,0,342
133,1027,1,0,0,0
119,1546,1,0,0,0
39,1499,1,0,0,0
134,2077,0,0,0,105
28,2027,1,0,0,0
122,1757,0,0,0,94
123,1390,0,1,0,10
74,1931,1,0,0,0
2,1343,0,0,0,211
40,1858,0,1,0,48
112,2192,0,0,0,0
89,2038,1,0,0,0
50,1474,0,0,0,0
72,2024,0,1,0,0
106,1849,0,0,0,213
12,1691,0,0,0,182
114,1593,1,1,0,255
86,1105,1,0,0,0
21,1042,1,0,0,0
105,1604,1,1,1,80
32,1693,0,1,0,0
103,1088,1,0,0,335
35,1643,1,0,1,504
139,2035,1,1,1,601
113,1607,0,0,0,0
57,1572,0,0,0,140
103,1170,0,0,1,0
121,1188,1,0,0,0
134,1495,0,0,0,0
143,1185,0,0,0,0
31,1045,1,0,0,291
28,1097,1,0,1,33
128,1503,1,1,0,18
86,2105,0,0,1,0
64,2023,1,1,0,0
85,2076,0,0,0,0
132,1292,1,0,0,86
95,1191,1,0,0,18
6,1994,0,0,0,0
46,1914,1,0,0,256
79,1190,1,0,1,0
109,1642,0,0,0,179
122,1078,1,0,0,0
43,1084,0,0,0,0
70,2068,0,0,0,96
31,1831,1,0,0,0
87,1697,1,0,1,0
23,2157,1,0,0,0
84,1224,0,0,0,120
26,1751,0,1,0,0
128,1546,0,0,0,0
103,1768,1,1,0,0
87,1266,1,1,1,0
130,1981,0,1,0,458
63,2070,0,0,0,0
107,1955,0,0,0,0
46,1159,1,0,0,13
42,1609,0,0,0,0
63,1136,1,0,0,0
49,1423,1,0,0,0
93,2080,1,0,0,0
79,1031,1,0,0,326
85,2175,1,0,0,0
18,1647,0,1,1,240
63,2158,1,1,0,55
144,1171,1,0,0,0
48,1109,1,0,0,257
8,2045,1,0,1,0
69,1110,1,0,1,0
82,1457,0,0,1,0
72,1931,1,1,0,0
40,2144,0,0,1,0
123,1788,1,1,0,18
113,1916,0,0,1,245
14,2100,1,0,0,26
140,1060,1,0,1,0
48,1518,1,0,0,0
123,1077,0,1,0,78
45,1002,1,0,0,0
37,1085,1,0,0,0
74,1640,0,0,1,0
94,1913,1,0,0,270
41,1998,1,0,0,0
41,1995,1,1,0,43
12,1966,1,0,0,0
25,1548,1,0,0,0
125,1016,1,0,0,0
37,1794,1,0,0,0
20,2038,1,0,0,0
92,1178,1,0,0,0
35,1305,1,1,0,530
33,1847,1,0,0,0
48,1867,1,1,0,0
66,1117,1,0,1,0
63,1860,1,0,0,0
18,1401,1,0,0,0
75,1256,1,1,0,0
132,1146,1,0,0,0
93,1232,0,0,0,0
6,1503,0,0,1,19
28,1120,1,0,0,0
35,1705,0,0,0,0
56,2026,1,0,0,0
47,1749,1,1,0,0
101,1579,1,1,0,0
45,1917,1,1,1,0
125,1873,1,1,0,0
54,1540,0,0,1,0
69,1373,0,0,0,0
90,2137,0,0,0,0
134,1760,0,0,0,0
34,1785,1,0,1,0
101,1924,1,0,1,0
32,1957,0,0,0,0
137,1990,1,0,0,177
104,1061,1,0,1,0
89,1168,0,0,0,0
142,2142,1,1,0,155
70,1225,0,1,0,76
23,1706,0,0,0,0
67,1527,1,0,0,0
19,1850,1,0,1,165
29,1703,1,1,0,0
25,1059,0,0,1,31
69,1087,0,0,0,115
124,1074,0,1,1,0
126,1694,0,1,0,0
88,1703,0,0,0,0
70,2139,1,0,0,0
138,1039,1,1,0,35
3,1825,0,1,0,165
93,1451,1,0,0,0
56,1976,1,0,0,88
44,1673,1,1,0,0
108,1579,1,0,0,0
43,1472,0,1,0,107
20,1700,0,0,0,0
129,2041,1,0,0,64
89,2110,1,1,0,100
74,1463,1,0,0,103
87,1285,1,0,1,0
21,1043,0,0,1,0
93,1397,0,0,0,262
121,1977,0,1,0,0
45,2157,1,0,1,0
32,1822,1,0,0,204
81,2164,1,1,0,0
119,1310,0,0,0,0
104,1398,1,0,1,0
25,1746,1,0,0,0
109,1734,1,0,0,0
103,1713,1,1,0,0
121,1661,0,0,0,292
133,1186,1,0,0,0
22,1677,1,0,0,0
57,1976,0,0,0,487
3,1743,0,1,0,0
18,1247,0,1,0,0
32,1749,0,1,0,0
138,2004,1,0,1,0
119,1998,1,1,0,0
22,1021,1,1,0,0
123,2000,1,0,0,0
139,1017,1,0,0,0
10,1500,1,0,0,0
21,1341,1,1,1,0
104,1423,1,0,0,0
93,2152,1,0,0,0
46,1613,0,0,1,0
85,1653,0,0,0,0
20,1565,0,1,0,296
68,1640,1,0,0,0
134,1019,1,1,0,0
48,1547,0,0,0,0
135,1651,0,0,1,0
85,1741,1,0,0,0
15,1556,1,0,0,477
10,1445,1,1,0,99
37,1788,1,0,1,80
120,1982,0,1,0,0
127,2183,1,0,0,0
43,1866,1,0,0,0
48,2189,0,0,0,0
42,1436,1,1,0,0
56,1819,0,0,0,217
98,1782,1,0,0,0
7,2041,0,0,0,97
14,2094,0,1,0,14
49,1425,1,0,0,0
42,1796,1,1,0,0
10,1495,1,0,0,0
24,1189,1,1,0,294
22,1808,1,0,0,60
127,1373,0,0,0,0
26,2177,1,1,0,0
78,1132,0,1,0,59
75,1386,1,0,0,0
1,1108,0,1,1,131
143,2070,0,0,1,0
130,2026,0,0,1,0
34,1506,1,0,1,0
91,1848,0,0,0,236
7,1423,1,1,0,0
79,1670,0,0,0,0
136,1661,0,1,0,210
142,1060,1,0,0,0
35,1447,0,0,0,0
55,2180,1,1,0,0
89,1055,1,0,1,0
37,1528,0,0,0,406
70,1975,0,0,0,0
24,1007,0,0,0,245
85,1369,1,0,1,0
38,1941,1,1,0,0
39,1738,1,0,0,24
79,1231,1,0,0,196
2,1026,1,1,1,52
116,2111,0,1,0,0
60,1299,1,0,0,0
132,1220,0,0,1,0
44,1795,1,0,1,0
80,1215,1,0,1,0
112,1754,0,1,0,0
112,1674,0,0,0,0
4,1809,1,0,0,0
68,2106,1,0,0,57
98,1226,1,0,0,0
10,1711,1,0,0,167
105,1844,0,0,0,0
82,1100,1,1,0,0
1,1278,0,1,0,0
78,2139,0,0,0,0
87,1495,0,0,0,0
130,1839,1,0,1,21
10,1659,0,0,0,0
132,1336,1,1,0,0
25,1688,1,0,1,0
52,1962,1,1,1,0
102,1223,0,0,0,0
86,1305,0,0,0,192
87,1780,0,0,0,0
142,1357,1,0,0,0
80,1768,0,0,0,0
48,1391,1,1,1,382
53,1793,1,1,0,0
105,1157,1,0,0,0
20,2097,0,1,0,0
102,1943,1,0,0,0
73,1153,0,1,0,0
41,2042,1,0,1,0
64,1402,0,0,1,0
67,1906,1,1,0,16
123,1701,1,0,0,0
44,1390,1,1,0,50
69,1600,0,1,0,488
66,1700,0,1,0,0
51,1973,1,0,0,29
143,1356,1,0,0,0
95,1304,1,0,0,0
22,1261,0,1,0,0
96,1006,1,0,0,267
33,1115,0,0,0,0
26,1557,1,0,0,36
28,2093,1,0,0,0
120,1728,1,1,0,0
96,2101,1,0,0,25
122,1771,1,0,0,245
22,1203,1,0,0,0
108,1502,1,0,0,260
15,1478,0,0,1,93
145,1387,0,0,0,46
142,1952,1,0,1,67
54,1621,0,1,0,240
120,1623,1,0,0,0
36,1882,1,0,0,0
11,1642,1,0,1,84
35,1923,0,0,1,76
109,1566,1,0,0,0
40,2048,1,0,0,365
98,1619,0,1,0,0
49,1926,1,1,0,0
70,1038,1,0,0,256
92,1495,1,0,1,0
53,1158,1,0,0,472
141,1867,1,0,0,0
93,1265,1,1,0,0
133,1874,1,0,0,72
99,1497,0,0,0,0
11,1831,1,1,1,0
53,1071,1,0,0,425
77,1268,1,0,1,144
94,1776,1,0,0,374
106,1143,1,0,0,0
9,1217,1,1,1,121
115,1538,1,0,0,38
141,1733,1,1,1,0
37,1500,1,0,0,0
50,1983,1,0,0,0
134,1233,0,0,0,0
143,2098,1,0,0,49
109,1724,0,0,0,307
107,1036,1,0,0,0
65,1145,1,0,1,0
34,2168,1,1,0,0
2,2195,1,0,0,0
112,1899,1,0,1,0
17,2137,1,0,0,0
40,2094,1,0,0,29
12,1201,0,0,0,0
117,1849,1,0,0,55
52,1480,0,1,0,0
69,2043,1,0,0,7
132,1758,0,0,0,153
108,1468,1,0,0,0
55,1093,1,0,0,0
110,1327,0,0,0,0
131,1104,0,0,1,0
74,1972,1,0,0,0
80,1598,1,1,1,422
94,2139,1,0,1,0
23,1867,0,1,0,0
11,1324,0,0,1,70
145,1964,1,1,1,0
15,2065,1,1,0,0
102,1558,1,1,0,38
87,1062,1,0,0,355
87,1815,1,0,0,0
59,2120,1,1,0,0
46,1121,1,1,0,149
111,1579,1,0,0,0
37,1797,1,0,0,96
84,1382,1,0,0,0
17,2064,1,1,0,0
39,1188,1,1,0,0
21,1173,1,1,0,0
45,1265,1,0,0,0
36,2019,1,0,0,0
62,1860,1,1,1,0
15,1809,0,1,1,0
83,2079,1,1,1,0
110,1667,1,0,0,278
37,1840,1,0,0,0
63,1574,1,0,1,0
10,1183,0,0,0,0
58,1607,1,1,0,0
83,1396,0,0,0,149
130,1710,0,0,1,0
8,1426,1,0,0,43
43,1751,0,0,1,0
74,2181,1,0,0,341
62,2184,1,0,0,0
5,1629,1,1,0,0
87,1276,0,0,0,0
2,1907,1,0,1,289
10,1522,1,1,0,0
52,1349,0,0,0,0
16,2104,0,0,0,80
18,1532,1,0,0,0
56,1090,0,0,0,0
102,1932,0,0,1,492
77,2117,1,1,0,0
123,1339,1,1,1,0
2,2186,0,0,0,0
64,2020,0,1,0,0
50,1765,1,0,0,0
61,1441,0,0,0,162
16,2077,1,0,0,133
54,1708,1,0,1,0
38,1916,1,0,0,145
104,1150,1,0,0,291
8,2193,1,0,0,50
19,1826,1,0,0,0
37,1891,0,0,0,0
143,1271,1,0,0,0
86,2080,1,1,1,0
43,1643,1,0,0,201
89,1101,1,1,0,0
7,1340,1,0,0,0
47,1868,1,1,0,0
76,1855,1,0,0,0
85,1092,0,1,1,0
124,1327,1,1,0,0
13,1280,1,0,0,52
69,1923,1,0,0,350
28,1684,1,0,0,50
27,1520,1,0,0,391
119,1044,1,0,0,112
37,2086,1,1,0,95
48,2078,1,0,0,0
90,1276,1,0,0,0
56,1218,0,0,0,0
35,1608,0,0,0,155
13,1244,1,0,1,0
20,1717,1,0,0,0
81,1391,1,0,0,439
112,1670,0,0,0,0
97,2065,0,0,0,0
136,1924,1,1,0,0
127,1456,0,0,0,314
132,1080,0,1,0,42
24,1872,0,0,1,0
64,1460,0,0,0,0
47,1827,0,0,0,0
40,2120,0,1,0,0
48,1278,1,1,0,0
60,2007,0,0,0,0
36,1226,1,1,0,0
75,1228,0,1,0,0
110,1915,1,1,0,0
111,2042,1,1,0,0
67,1090,1,1,1,0
54,1821,0,0,1,368
115,1506,0,0,0,0
128,1567,1,0,0,24
106,1692,1,0,0,0
7,2128,1,1,0,280
74,1316,1,0,0,224
106,2076,1,0,0,0
86,1978,1,0,0,298
66,1694,1,0,1,0
105,2099,1,0,0,0
56,2069,1,0,0,10
12,2144,0,1,0,0
15,2083,1,1,0,0
6,1205,0,0,1,155
14,1722,1,0,0,0
123,1948,1,0,0,0
41,2130,0,0,0,25
65,1248,1,0,0,0
39,1331,0,0,0,26
4,2135,1,1,0,0
46,1988,1,0,0,118
75,2104,0,0,0,116
10,1179,1,1,0,183
107,2076,0,0,0,0
22,1814,1,0,1,0
108,1991,1,0,0,0
54,1973,1,1,1,47
96,1223,0,0,0,0
111,1068,1,0,0,0
11,1713,1,0,0,0
6,1150,1,1,0,230
116,1351,1,0,0,22
101,2087,1,0,0,26
124,1611,0,0,1,0
50,1592,1,0,1,0
123,1990,1,1,0,252
133,1535,0,0,0,0
66,1063,1,0,0,0
81,2124,1,0,0,0
94,1209,0,1,0,110
107,1995,0,1,1,17
96,1836,1,0,0,261
42,1564,1,1,0,0
83,2171,1,1,0,0
86,1177,0,0,0,0
144,1733,0,0,0,0
33,2077,1,0,0,144
79,1112,1,0,0,142
142,1278,1,1,0,0
82,1033,0,0,0,22
58,1476,1,0,0,341
7,1325,1,0,1,45
137,1331,0,0,0,56
124,2105,0,0,0,0
48,1948,1,0,0,0
72,1825,1,1,0,236
28,1694,1,0,0,0
126,1944,0,0,0,52
99,1900,1,0,0,287
7,1533,1,0,0,0
24,2103,0,0,1,0
126,2130,0,0,1,73
96,1935,1,1,0,0
96,1107,1,1,0,176
21,1046,0,1,0,0
24,1414,1,0,0,0
18,1356,0,0,0,0
74,1954,1,0,1,0
20,1303,0,0,0,0
34,1870,1,0,0,8
63,1719,1,0,0,0
7,1118,0,0,0,0
73,2065,0,0,1,0
133,2081,1,1,0,0
109,2199,0,0,0,0
131,2140,0,0,0,144
47,1380,0,0,0,0
43,1984,1,0,0,0
48,1566,1,1,0,0
48,1334,1,0,0,250
136,2084,1,0,0,0
103,1024,1,1,0,0
145,2135,1,1,0,0
14,1202,1,0,1,0
92,1327,0,0,1,0
51,1393,1,0,0,0
128,1731,0,0,0,66
133,1177,0,1,0,0
132,1884,1,0,0,478
48,1394,1,0,0,0
10,2114,0,0,0,198
25,1506,1,0,0,0
134,1485,1,0,0,157
112,1214,1,0,1,0
78,1848,1,0,0,242
74,2015,0,0,1,136
82,1857,1,0,0,0
62,1030,1,0,0,0
52,2188,1,1,0,358
116,1130,0,1,0,0
31,1278,1,0,0,0
30,2065,1,0,0,0
17,1856,0,0,0,0
98,1118,0,1,0,0
133,2198,1,0,0,174
30,2000,0,0,0,0
36,1624,1,0,0,131
73,1174,1,0,0,100
141,1471,1,0,0,64
80,1168,0,1,0,0
86,2188,1,0,0,331
24,1367,0,1,0,183
30,1519,1,0,0,0
121,2172,0,0,0,0
139,2138,1,0,1,132
12,1697,0,0,0,0
7,1577,1,0,0,110
47,1818,1,1,0,433
142,1602,1,1,0,0
68,1066,1,1,0,60
77,1245,1,0,0,0
119,1238,0,0,0,72
87,1541,1,0,1,120
16,1302,1,0,1,0
66,1710,1,0,0,0
105,1814,1,1,0,0
37,1517,0,1,0,336
39,1040,0,1,0,0
130,1719,1,0,0,0
39,2119,1,0,0,0
100,1705,0,1,0,0
11,1390,1,1,0,82
40,1033,1,1,0,41
21,1074,0,0,1,0
119,1265,1,0,0,0
88,2180,0,0,0,0
23,1477,1,0,0,0
64,1939,0,1,0,105
99,2138,0,0,1,143
49,1428,1,0,0,0
98,1498,0,1,0,111
2,1697,1,0,0,0
135,1762,1,1,0,0
120,2155,0,0,1,0
23,1590,0,1,0,0
115,1658,1,0,0,0
97,1948,1,0,0,0
102,1827,0,0,1,0
8,1829,0,0,1,14
132,1116,0,0,0,43
117,1878,1,0,1,21
82,2052,1,0,1,0
48,1033,1,0,0,37
67,1732,1,0,1,0
95,1004,0,0,0,0
32,1313,1,1,1,0
111,1333,1,0,0,220
81,1505,1,0,0,0
11,1197,0,0,1,0
105,1182,1,0,0,0
131,1233,0,1,1,0
49,1465,1,0,0,0
68,1599,0,0,0,49
143,1350,0,1,0,0
79,1365,0,0,0,0
19,1289,1,1,0,65
58,1364,1,0,0,473
116,1546,1,0,0,0
107,1392,1,0,0,0
138,1633,1,0,0,0
6,1233,0,0,0,0
110,2080,1,0,0,0
6,1485,1,0,0,173
36,1665,1,1,0,0
129,2044,1,0,0,91
42,1353,1,1,1,0
121,1119,0,0,0,74
8,1901,0,0,1,0
22,1486,1,0,0,0
101,1508,0,1,0,344
18,1060,1,0,0,0
124,1830,1,0,0,0
87,1876,0,0,1,555
107,2143,0,1,0,437
98,1028,1,1,0,207
113,1603,0,0,0,343
131,1156,1,0,0,0
126,1923,0,0,1,399
119,1018,0,0,0,26
110,1986,1,1,1,274
88,1393,1,1,0,0
41,1374,0,0,0,0
50,1868,0,1,0,0
91,1207,0,0,0,0
114,1935,1,0,0,0
113,1163,0,1,0,0
89,1951,1,0,0,0
61,1675,1,0,0,0
18,1509,0,0,0,436
127,1519,1,1,1,0
18,1912,1,0,0,232
48,1682,0,0,0,638
69,2166,1,1,0,0
58,1834,1,0,0,0
99,1775,0,0,1,0
108,2125,0,1,0,0
74,1499,1,0,0,0
26,1319,0,1,0,46
81,2063,0,0,0,0
132,2095,0,1,0,0
79,1377,1,0,0,0
54,1643,1,1,0,173
94,1321,0,0,0,457
27,1234,1,1,1,543
144,1491,1,1,0,0
94,1070,1,0,1,0
117,1045,1,1,0,326
91,1164,0,0,0,0
131,2197,0,0,1,83
48,1529,0,0,0,0
134,1133,1,1,0,0
109,1979,1,0,1,0
63,1129,1,0,0,163
130,2148,1,0,0,0
57,2132,1,0,0,0
126,2048,1,0,1,326
128,1752,0,1,0,49
73,1587,1,1,0,120
33,1927,0,0,0,98
128,1071,0,0,0,368
81,1575,1,1,0,160
4,1559,0,1,0,121
14,1298,1,0,0,0
57,1851,1,1,0,0
86,1391,0,1,0,292
1,1776,0,0,0,355
139,2081,1,1,0,0
88,1108,1,0,0,23
8,1738,0,0,0,29
124,1163,0,0,0,0
35,1203,1,0,0,0
4,1519,1,0,0,0
113,1208,1,0,0,0
32,2037,1,0,1,0
121,2106,1,0,0,334
56,1843,1,1,0,0
95,2025,0,0,0,301
131,1666,0,0,1,0
5,2190,1,0,0,0
94,1052,1,0,0,0
123,1192,0,1,0,0
141,1628,0,0,0,39
120,1142,0,0,1,349
8,1663,1,0,0,82
134,2014,1,0,0,0
106,1527,1,0,1,0
83,1300,0,0,0,58
80,1204,1,1,0,0
104,1201,1,0,1,0
104,2009,1,0,0,0
55,1421,1,0,0,0
19,1341,1,0,0,0
10,1271,0,0,0,0
62,1778,1,0,0,0
121,1132,1,0,0,399
133,1355,1,1,0,0
99,1824,1,0,0,0
98,1585,0,0,0,270
49,1750,1,1,1,0
40,1574,0,0,0,0
127,2192,1,1,0,0
20,1804,1,0,0,0
39,1908,1,1,0,0
86,1023,1,0,1,0
5,1868,0,0,0,0
26,2094,1,1,1,61
91,1522,0,0,0,0
100,1589,1,1,0,0
29,1690,1,0,0,0
24,1811,0,0,0,0
20,1681,1,0,0,74
101,1987,1,1,1,0
97,2164,0,0,1,0
51,2092,1,0,0,0
119,1831,0,0,0,0
139,2200,1,0,0,0
129,1213,1,0,0,65
38,1548,1,1,0,0
37,1554,0,0,0,329
22,2190,1,0,0,0
58,1390,1,0,0,54
73,1916,0,0,0,128
60,1583,0,0,0,26
95,1400,1,0,0,0
42,1117,1,0,0,0
55,1666,0,0,0,0
48,1415,0,0,1,0
130,1081,1,0,0,0
139,1094,0,1,1,368
114,1396,0,1,1,107
2,1950,0,0,0,0
19,1552,1,0,0,0
130,1855,1,0,0,0
108,1557,0,0,0,341
53,2112,1,0,1,173
126,1320,1,1,0,0
34,1423,1,1,1,0
86,1066,0,0,0,27
119,1314,0,0,0,0
10,1480,1,0,0,0
19,1030,1,0,0,0
25,1126,1,1,0,0
13,1789,1,0,0,247
85,1474,1,0,0,0
107,1117,0,0,0,0
1,1397,1,0,1,384
43,2116,1,0,0,0
6,1986,1,1,1,304
43,1544,0,0,0,152
129,1179,1,1,0,335
51,1140,1,0,0,82
73,1004,1,1,0,0
80,1042,0,0,0,0
16,1172,0,0,0,0
18,1508,1,0,0,141
132,2068,0,0,0,40
118,1177,1,1,0,0
86,1947,0,0,0,0
60,1493,0,0,1,0
106,1496,0,0,0,0
120,1781,0,1,1,304
122,2090,1,0,0,0
106,1998,1,0,0,0
56,1060,1,1,0,0
79,1979,0,0,0,0
104,1517,0,0,0,170
7,1428,1,1,0,0
138,1246,1,0,0,0
129,1364,1,0,0,280
53,1839,1,1,0,22
135,1572,1,0,0,149
38,1071,0,0,0,243
109,1915,1,0,1,0
19,1493,0,1,0,0
25,1250,0,0,0,0
145,1048,1,0,0,443
16,1375,1,0,1,0
19,2103,0,1,0,0
1,1575,1,0,0,94
92,1195,1,0,0,114
122,2052,0,1,0,0
26,2012,1,1,1,56
29,1613,1,1,0,0
80,1809,1,0,1,0
99,1432,0,1,0,0
63,1413,0,0,1,38
67,1475,0,0,0,0
131,1594,1,0,0,0
101,1944,1,1,0,68
98,1924,1,0,0,0
12,1367,1,0,1,97
122,2039,1,1,0,0
19,1602,0,1,0,0
63,1844,1,0,0,0
31,1308,1,0,0,0
97,1875,0,0,0,0
17,1002,1,1,0,0
68,1371,1,0,0,0
2,1342,1,0,0,299
139,1913,1,0,0,74
122,2191,0,1,1,0
96,1431,0,1,0,118
7,1843,0,1,0,0
59,1100,1,0,0,0
36,1781,0,0,0,230
115,1174,1,0,0,173
70,2192,1,0,0,0
38,1782,0,1,0,0
56,1177,0,0,0,0
68,1620,0,0,0,0
84,1325,1,0,0,150
137,1588,1,1,0,268
49,1107,1,0,0,228
68,1293,1,0,1,0
130,1287,1,1,1,0
127,1285,1,0,0,0
126,1956,0,0,0,0
114,1829,1,0,0,9
71,1615,0,0,0,236
65,1950,0,0,0,0
41,1168,1,0,0,0
20,1141,1,0,1,76
1,2049,0,0,0,153
7,1095,0,0,0,70
101,1144,1,1,0,356
121,1093,1,0,0,0
125,1593,1,1,0,494
145,1495,1,0,1,0
90,1713,0,0,0,0
32,1405,1,0,0,46
29,1484,1,0,0,0
89,1670,1,0,0,0
135,1426,1,0,1,220
47,2102,0,0,0,0
79,1530,1,0,1,239
61,1909,0,0,0,0
77,2012,0,0,0,211
8,1369,0,0,0,0
123,1386,1,1,0,0
86,1635,1,0,1,0
101,1096,0,1,0,275
46,1581,1,1,0,0
97,1474,0,1,0,0
24,1857,0,0,0,0
98,1419,1,0,0,0
142,1585,1,0,0,324
94,1803,1,0,0,122
87,1435,0,0,0,74
121,2048,0,0,1,244
80,1853,0,1,0,0
145,1372,0,0,1,0
114,1674,0,1,0,0
79,1798,1,1,0,0
123,1878,0,0,1,52
20,1832,0,1,0,0
66,2159,0,0,1,0
119,1604,1,0,0,22
44,1459,1,1,0,67
137,1674,0,0,0,0
95,1152,1,0,0,0
97,1707,1,0,1,0
96,1313,1,1,0,0
51,1293,1,0,0,0
94,1994,1,0,0,0
60,1358,1,0,0,166
112,1047,1,0,0,0
108,1203,0,0,0,0
80,1564,1,1,0,0
118,1902,1,1,0,0
88,1036,0,0,0,0
99,1218,1,0,0,0
88,2021,0,1,0,0
12,1712,0,0,0,78
136,2019,1,0,0,0
53,1965,1,0,0,47
141,1416,0,0,0,0
56,1830,0,0,0,0
135,1005,1,1,0,143
41,2177,1,0,0,0
23,1639,0,0,0,0
19,1531,1,0,0,0
67,2132,1,0,0,0
105,1698,0,0,1,0
65,1693,0,0,0,0
91,1788,0,1,0,69
86,1614,0,0,1,57
43,1262,1,0,1,0
30,1759,1,0,1,90
115,1382,1,0,0,0
89,1423,0,0,0,0
39,1141,1,0,0,53
23,1784,1,0,0,0
77,1428,1,1,0,0
29,1468,0,0,0,0
41,2165,0,0,0,584
61,1130,1,0,0,0
91,2031,0,1,0,198
62,2148,1,0,0,0
119,1085,0,0,0,0
53,1288,1,0,0,0
13,1974,1,0,0,0
88,1160,1,0,0,76
135,1384,0,0,1,385
103,1977,0,1,0,0
41,1960,0,1,0,0
97,2160,0,0,0,63
1,1996,0,0,1,167
121,2157,1,0,0,0
65,1221,0,0,0,0
111,1267,0,0,0,0
107,1375,0,1,0,0
82,1578,0,0,1,0
140,2188,1,1,0,51
84,1254,1,0,1,0
20,1391,1,1,0,238
4,1096,0,0,0,60
11,1185,0,0,1,0
52,1635,1,1,1,0
60,2060,1,1,0,42
70,1658,1,0,0,0
39,1558,1,1,0,93
2,1676,1,0,0,21
62,1764,1,0,0,0
129,1235,1,1,0,0
27,1094,0,0,0,397
32,1105,1,0,0,0
34,1135,1,1,0,0
90,1092,1,0,0,0
50,1693,0,0,0,0
106,1671,0,0,0,0
47,1377,1,0,0,0
108,1062,0,0,0,177
109,1874,1,0,1,19
123,1602,1,0,0,0
108,2200,1,0,0,0
35,1062,0,0,0,211
123,1011,0,0,1,0
92,2158,0,0,0,29
100,1558,0,0,0,68
23,1303,1,0,0,0
89,1674,0,0,0,0
97,1108,1,0,0,97
41,1173,1,0,0,0
49,1882,1,0,0,0
5,1180,0,0,0,0
45,1437,0,0,1,0
105,2072,1,0,0,236
12,1924,1,0,0,0
96,1823,1,0,0,0
37,2045,1,0,1,0
30,1487,1,0,0,218
26,1912,1,0,0,95
145,1932,0,0,0,216
34,2193,1,1,1,75
69,1434,1,0,0,55
140,1180,1,1,1,0
119,1162,0,1,1,12
94,1511,1,1,0,192
69,2191,0,0,0,0
28,1508,0,0,1,386
70,1173,1,1,0,0
130,2039,1,0,0,0
138,2130,1,0,0,104
11,1085,1,1,0,0
65,1843,0,0,0,0
58,1512,1,1,0,177
78,1070,1,1,0,0
104,2081,1,0,1,0
131,1508,1,1,0,143
80,1043,1,0,0,0
58,1641,1,1,0,0
14,1162,0,1,0,67
21,1302,0,1,0,0
19,1853,0,0,0,0
43,2053,1,0,0,0
30,1457,0,0,0,0
39,1520,0,1,0,421
117,1701,1,0,0,0
69,2119,1,0,0,0
49,1201,1,0,0,0
49,1847,0,0,0,0
138,1991,1,1,0,0
20,2069,1,1,0,16
69,1523,1,0,0,0
100,1475,1,0,0,0
69,1347,1,1,0,0
88,1210,0,0,0,0
69,1568,1,1,0,239
37,1292,1,0,0,184
77,2189,0,0,0,0
127,1100,0,0,0,0
129,1083,0,1,0,0
123,1879,1,1,0,86
74,2176,1,1,0,0
10,1282,0,0,1,0
61,1831,0,0,0,0
59,1283,1,1,1,0
114,1927,1,0,1,464
23,1440,1,0,0,0
56,1560,1,0,0,0
58,1110,0,0,1,0
81,1687,1,0,0,0
99,2006,0,1,0,90
98,1130,1,0,0,0
4,1631,1,0,1,496
81,1668,1,0,0,175
128,1664,0,0,0,0
17,1890,0,0,0,0
68,1137,1,0,0,0
28,1802,0,0,1,183
57,1955,0,0,0,0
16,2197,0,1,0,29
70,1184,1,1,1,0
14,1783,1,1,0,0
73,1924,1,1,0,0
88,1016,1,1,0,0
57,1104,0,1,0,0
128,1907,0,0,1,330
39,1776,1,0,1,171
37,2128,0,0,0,306
71,1598,1,0,0,267
83,1375,1,0,0,0
131,1592,1,0,0,0
128,1105,0,0,0,0
32,1504,1,0,0,144
111,1613,0,0,0,0
84,1985,1,0,0,0
11,1834,0,1,1,0
63,2140,1,1,1,67
20,1705,1,1,0,0
66,1521,1,1,0,71
139,1786,1,0,0,229
144,2149,1,0,1,451
112,1031,1,0,1,55
122,1098,1,0,0,0
107,1126,1,0,0,0
66,1131,0,0,0,0
117,2148,0,0,0,0
66,1251,1,1,0,0
7,1190,1,0,1,0
108,1662,0,1,0,0
9,2146,1,0,0,0
64,1529,0,0,1,0
103,1704,1,0,0,0
119,1401,0,0,0,0
105,1184,0,0,0,0
132,1852,1,0,0,16
52,1257,1,0,0,259
4,1846,1,0,1,0
50,1738,1,0,0,9
53,2195,1,0,0,0
31,1401,0,0,0,0
91,1248,1,0,1,0
46,1494,1,0,0,500
110,1201,1,0,0,0
122,1713,1,1,0,0
78,1476,0,0,1,449
123,1694,1,0,0,0
38,2080,1,1,0,0
34,1853,1,1,0,0
1,1688,0,0,1,0
90,1548,1,0,0,0
45,2117,0,1,0,0
117,1931,0,0,0,0
30,1857,0,0,0,0
40,1243,0,0,1,0
1,1424,0,0,0,370
45,2018,0,0,0,0
45,1323,1,1,0,0
95,1199,1,1,0,514
140,2180,1,0,0,0
40,1798,0,0,0,0
84,2091,1,1,0,0
46,1378,1,0,0,0
36,2031,1,0,1,39
132,1177,1,1,0,0
85,1306,1,0,0,0
84,1141,1,0,1,46
121,1704,1,1,0,0
69,1262,1,1,0,0
106,1524,0,1,0,265
145,1432,0,0,0,0
83,1288,1,0,0,0
114,1691,1,1,0,308
136,2036,0,1,0,390
57,2129,0,0,0,51
135,1777,0,0,0,558
115,1003,0,0,0,0
126,1020,1,0,0,204
32,1673,1,0,0,0
17,1494,1,0,0,487
54,1825,0,1,0,197
98,1281,1,0,0,0
54,2084,1,0,0,0
10,1022,0,1,0,32
22,2066,0,1,0,0
13,1862,0,0,0,0
52,1401,1,1,0,0
23,2167,1,0,0,0
135,1921,1,0,0,0
56,1472,0,0,0,88
60,2181,1,1,1,75
3,2146,1,0,0,0
97,1181,0,0,1,528
22,1859,1,1,1,0
122,1088,0,0,0,36
97,2142,1,1,1,314
71,1082,1,0,1,0
69,1103,1,0,1,0
35,1159,0,1,0,30
40,2026,1,0,0,0
27,1185,1,0,0,0
141,1458,1,0,1,525
33,1422,0,0,0,0
82,1329,0,0,0,0
128,1597,0,1,0,0
55,1301,1,0,1,0
43,1383,1,1,0,27
130,1670,1,1,0,0
13,1026,1,1,0,23
142,1645,0,0,0,523
6,1478,1,1,0,46
89,1714,0,0,0,0
60,1460,1,0,1,0
87,1338,0,0,0,358
75,1116,1,1,0,34
77,1696,1,0,0,8
134,2160,0,0,0,75
71,1699,1,1,1,70
36,2132,0,0,0,0
102,1174,1,0,0,18
3,1382,1,1,1,0
65,1945,1,0,0,0
56,1401,1,0,0,0
49,1130,1,0,1,0
125,2164,0,0,0,0
12,1591,1,0,1,0
87,1565,1,0,1,86
20,2198,0,1,0,272
24,1693,1,0,1,0
141,2179,0,0,0,0
24,1177,0,1,1,0
69,1852,0,0,0,10
33,1063,1,0,0,0
69,1119,1,0,0,235
75,2094,1,0,0,73
24,2166,1,0,0,0
49,1737,0,0,0,0
54,1113,1,0,0,0
92,2088,0,1,0,0
86,1083,1,0,0,0
91,1048,1,0,0,485
72,1058,0,1,0,43
19,2192,0,0,1,0
12,1067,1,0,0,0
36,1346,1,0,0,128
66,1229,1,0,0,61
121,1007,0,0,0,231
89,1721,1,0,1,0
77,1875,0,0,1,0
66,1393,1,0,0,0
56,1129,0,0,0,480
132,1795,1,0,0,0
56,2171,1,0,1,0
10,1493,1,0,0,0
43,1185,1,0,0,0
141,1261,0,0,0,0
74,1672,1,0,0,0
8,2007,0,0,0,0
45,2147,1,1,0,0
32,1053,1,0,0,0
117,1225,0,0,0,29
105,1151,0,1,0,0
7,1618,1,0,0,58
129,1522,0,0,0,0
64,1352,0,0,1,0
87,1997,1,0,0,123
3,2039,1,1,0,0
33,1665,0,0,0,0
50,1299,0,0,0,0
138,1273,0,1,0,0
27,1006,0,0,0,44
115,1951,1,0,0,0
28,1635,0,0,0,0
134,1818,1,0,1,160
72,1631,0,0,1,438
105,1167,1,1,1,0
1,1121,1,1,0,133
110,1468,0,0,0,0
8,2182,0,0,0,0
11,1682,1,0,0,128
143,2107,0,0,0,27
39,1937,1,1,1,0
26,1977,0,0,0,0
118,1487,1,0,0,213
33,1825,0,0,0,377
16,2168,1,0,0,0
21,1452,0,0,0,0
106,1175,0,0,0,141
37,1340,1,1,0,0
43,2132,1,0,0,0
82,1349,1,0,1,0
13,1895,0,0,0,269
97,1624,0,1,0,151
22,1901,1,0,1,0
127,1254,1,0,0,0
83,1015,1,0,0,0
4,2185,0,0,0,312
59,1869,0,0,0,0
47,1389,0,0,1,0
7,1819,0,1,0,398
2,1065,0,0,0,506
145,2110,1,0,0,156
92,1986,1,0,0,86
98,1093,1,0,1,0
111,2057,0,0,0,0
81,1071,1,1,0,126
10,1319,1,1,0,77
55,1907,1,0,0,404
56,1019,1,1,0,0
68,1540,1,1,0,0
39,2014,1,0,1,0
57,1661,1,0,0,270
46,1422,1,1,0,0
69,2069,0,0,0,45
142,1636,1,0,0,422
137,1154,1,0,0,245
47,2116,0,0,0,0
128,1675,0,1,0,0
130,1847,1,0,1,0
143,1914,0,1,0,532
50,1257,1,1,1,362
5,1789,0,1,0,213
53,1309,1,0,1,23
80,1365,1,0,0,0
12,1042,1,1,1,0
116,1827,0,0,0,0
25,1052,1,0,0,0
62,1762,0,1,0,0
26,1360,0,0,0,0
29,1107,1,0,0,357
134,1378,0,0,1,0
72,2083,0,0,0,0
37,1934,0,1,0,0
37,1742,1,1,0,0
121,1907,1,1,0,132
78,2121,1,1,1,0
64,1728,1,1,0,0
24,1066,1,1,0,62
128,1581,1,1,1,0
117,1829,1,0,0,31
41,1261,1,1,0,0
25,1558,1,0,0,189
108,1742,0,0,0,0
12,1501,0,0,0,231
7,1966,0,0,0,0
21,1672,1,1,0,0
119,1536,1,0,0,0
44,1344,1,0,0,0
84,1614,1,1,0,195
106,1949,1,0,0,0
64,2185,1,0,0,387
136,2099,1,0,0,0
127,1513,1,0,0,0
23,2193,1,0,0,184
57,1833,0,0,0,0
68,1494,1,0,0,425
89,1942,1,0,0,0
58,1175,1,1,0,149
19,1575,0,0,0,45
82,1066,0,1,1,43
9,1221,1,1,0,0
33,1989,0,0,0,0
111,1344,1,0,0,0
126,1509,1,1,0,45
56,2057,1,0,0,0
136,1167,1,0,0,0
122,1378,1,1,1,0
37,1785,1,1,0,0
80,2129,1,0,0,118
7,1074,0,1,1,0
122,1203,1,0,0,0
37,1428,1,1,1,0
52,2182,1,1,0,0
5,1728,0,1,0,0
84,1944,0,0,1,31
129,1590,1,0,0,0
78,1127,1,0,0,132
67,1591,1,1,1,0
44,1506,1,0,0,0
106,1569,1,1,0,0
94,2186,1,0,0,0
107,1282,0,0,0,0
109,1710,0,0,0,0
133,1661,0,0,0,148
124,1418,1,0,0,0
114,1154,1,0,0,401
23,1410,0,0,0,0
126,1399,0,0,0,26
5,1143,1,1,0,0
3,1882,1,0,0,0
127,1395,1,0,0,0
51,1500,0,0,0,0
43,1375,1,1,1,0
84,2048,1,0,0,206
51,1609,1,1,0,0
81,1860,1,1,1,0
103,1102,0,0,0,82
93,1895,1,0,0,51
13,2138,0,0,0,140
80,1691,0,1,0,297
93,1837,0,0,0,0
113,1065,1,0,0,277
77,1194,1,1,0,255
85,2148,0,0,1,0
125,1126,1,0,0,0
33,2031,1,0,0,127
95,1184,1,0,1,0
58,1019,1,0,0,0
15,2118,1,0,0,198
85,1426,1,0,0,173
2,2179,1,0,0,0
127,1132,1,1,0,344
64,1071,1,0,0,105
113,1727,0,1,1,0
42,1819,1,1,0,326
1,1482,0,1,1,345
13,1388,0,0,1,0
122,1899,1,0,0,0
137,1549,1,0,0,0
69,1022,0,0,0,26
66,1910,1,0,0,0
122,1758,1,0,0,256
63,1676,1,1,0,13
60,1674,0,1,0,0
45,2002,0,1,0,0
110,1474,0,0,0,0
42,2059,1,0,0,0
142,1153,0,1,0,0
89,1731,0,0,1,38
143,1968,0,0,0,0
61,2147,1,1,0,0
135,1476,1,0,0,156
5,1505,1,0,0,0
17,2191,1,0,1,0
38,1376,1,0,0,0
99,1299,1,0,0,0
103,1401,1,1,0,0
3,1761,1,0,1,265
49,1504,1,1,0,152
137,1592,0,0,0,0
20,1197,1,0,1,0
98,1982,1,0,0,0
96,1958,0,0,0,0
11,1639,1,1,1,0
48,1122,0,1,0,0
16,1543,0,0,0,0
19,1647,1,0,0,237
23,1532,0,0,0,0
90,2149,1,1,0,310
125,1853,1,1,0,0
42,1939,1,1,0,126
64,1716,1,1,1,0
131,2112,0,0,0,333
82,1594,0,1,0,0
141,1805,1,0,1,0
61,1152,1,1,0,0
41,1128,1,0,0,0
76,1298,1,0,0,0
143,2194,0,1,0,0
36,2074,1,0,0,0
41,1924,1,0,0,0
24,1150,1,0,0,227
81,1551,0,0,0,0
83,1248,0,1,0,0
50,1194,1,0,0,64
29,1046,0,0,1,0
46,1877,0,1,0,0
49,1610,0,0,0,0
45,1982,1,0,1,0
52,1926,1,0,1,0
42,2011,0,0,0,0
71,1485,1,0,0,173
86,1099,0,0,0,0
65,1467,0,0,0,330
106,1871,1,0,0,0
55,1442,1,0,1,16
111,1336,0,0,0,0
85,1803,1,0,0,99
80,1045,1,0,0,338
144,1469,1,0,0,207
18,1885,0,1,0,0
121,1281,1,1,1,0
18,1198,1,0,0,0
2,1005,0,1,0,70
4,1601,1,0,0,0
96,1937,1,1,0,0
111,1709,1,1,0,0
118,2148,0,0,1,0
124,2163,1,0,0,0
93,1814,1,0,0,0
139,1525,1,1,0,261
132,1162,0,0,0,19
88,1469,0,0,0,238
132,1378,0,0,1,0
115,2152,0,1,0,0
30,2136,1,0,0,0
77,1959,0,1,0,0
124,1206,0,0,1,241
71,1545,1,0,0,160
145,1960,1,0,0,0
13,1973,1,0,0,198
64,1010,1,0,0,0
120,1422,0,0,0,0
50,1284,1,0,0,0
86,1636,1,0,0,316
109,1067,0,1,0,0
119,1257,0,0,0,483
108,1390,0,1,1,89
64,1593,1,0,0,593
60,1238,1,0,0,430
28,1756,0,0,1,0
84,1653,1,1,0,0
6,1277,1,0,0,29
38,2076,0,0,0,0
24,1346,1,0,0,374
88,1917,0,0,0,0
143,2190,1,0,1,0
29,1592,0,1,0,0
120,1680,0,0,0,0
48,1577,0,0,0,316
25,1073,0,0,0,0
69,1831,0,0,0,0
101,2043,1,0,0,18
137,1614,1,0,0,108
31,1101,0,0,1,0
13,1661,1,1,0,114
48,1235,1,0,1,0
60,1074,0,0,0,0
47,1004,1,1,0,0
122,1752,0,0,0,15
15,2194,1,0,0,0
141,1298,1,0,0,0
6,1497,0,0,0,0
51,1896,1,0,0,0
31,1495,1,0,0,0
93,1396,0,0,0,164
88,1413,0,0,0,38
6,1334,1,0,1,244
3,1875,1,0,0,0
60,1683,1,0,0,142
79,2112,1,0,1,459
103,1262,0,0,0,0
27,1994,0,0,0,0
103,1407,1,0,0,0
49,1297,0,0,0,146
128,1582,0,0,0,0
122,1130,1,0,1,0
126,1880,0,0,0,105
61,1231,1,0,0,289
99,1238,1,0,0,182
24,2055,1,0,0,0
142,1263,1,0,0,0
75,1463,1,1,0,94
57,1639,1,0,0,0
44,1252,1,0,0,60
48,1321,1,1,0,138
22,1754,1,0,0,0
84,1444,1,0,0,265
87,1026,1,0,0,21
110,1492,1,0,0,0
112,1704,0,0,0,0
15,1260,0,0,0,0
140,2088,0,1,0,0
67,2144,1,0,0,0
60,1351,1,1,0,17
104,1056,0,0,1,0
57,1855,1,0,0,0
61,1319,1,1,0,88
60,1359,1,0,1,0
22,1937,0,0,0,0
58,1783,0,0,0,0
17,1738,1,0,0,4
4,1441,1,0,1,26
130,2042,0,1,0,0
105,2017,1,1,0,0
68,1096,1,1,1,546
81,1726,1,0,0,0
78,1823,1,0,0,0
112,1076,1,0,0,0
69,1635,0,0,0,0
3,1663,0,0,0,285
61,1264,1,0,0,0
16,1466,1,1,0,0
120,1113,1,0,0,0
120,1634,1,0,0,0
21,1820,1,0,0,0
60,1552,0,1,0,0
38,1036,1,1,0,0
37,1831,0,1,0,0
106,1730,1,0,0,0
84,1339,0,0,1,0
41,2175,1,1,0,0
9,1128,1,1,0,0
7,1845,0,0,1,0
52,1084,0,0,0,0
115,1753,1,1,0,0
111,1172,1,0,1,0
88,1714,1,0,0,0
8,2126,1,1,0,194
16,1274,1,1,0,151
120,1740,0,1,0,0
35,1502,1,0,0,137
20,1208,1,0,0,0
1,1059,1,0,0,19
84,1933,0,0,1,0
65,1809,1,0,0,0
90,1656,1,0,0,0
39,1032,0,0,0,75
85,1784,0,1,1,0
41,1910,0,0,0,0
57,1395,0,1,0,0
110,1941,1,0,0,0
62,1326,1,0,0,0
15,1079,0,0,0,126
104,1260,1,0,1,0
16,1778,0,0,0,0
15,1301,1,1,0,0
112,1243,0,0,0,0
129,1424,1,0,0,220
37,1535,1,1,0,0
17,1669,0,0,1,88
19,1158,0,0,1,238
116,1349,0,0,0,0
84,1306,0,0,1,0
137,1603,1,1,0,355
45,2138,1,0,0,231
82,1784,1,1,0,0
97,1155,1,1,0,0
45,1147,0,0,0,0
103,1799,1,0,0,0
18,1381,1,0,1,0
10,1689,1,0,0,130
143,1038,1,0,0,47
132,1717,1,0,1,0
145,2038,0,0,0,0
75,1544,1,0,0,128
96,1552,1,0,0,0
17,1664,0,0,0,0
100,1369,1,1,0,0
25,2021,1,0,1,0
85,2004,0,0,1,0
82,1438,1,1,0,0
58,2116,1,0,0,0
14,1567,0,0,1,24
117,2132,1,0,0,0
115,1737,1,0,0,0
15,1339,1,0,0,0
74,2137,0,0,0,0
138,1598,1,1,1,399
31,2131,1,0,0,0
68,2095,1,0,0,0
68,1849,0,0,1,252
11,1755,1,0,0,0
93,2002,1,1,1,0
121,1758,0,0,0,85
81,1078,0,0,1,0
36,1168,1,0,0,0
105,1737,1,0,0,0
105,1306,1,1,1,0
16,1780,1,1,0,0
23,1711,0,0,0,329
29,1122,1,0,0,0
86,1878,1,0,0,70
60,1786,0,1,0,291
112,1456,1,0,0,43
120,1959,1,0,0,0
105,1661,1,1,0,268
137,1620,1,0,0,0
56,1286,0,0,1,130
2,1122,0,0,0,0
129,1512,1,0,0,37
60,2190,1,0,0,0
10,1109,1,1,0,422
107,2084,1,0,0,0
17,1119,0,0,0,208
28,1497,0,1,0,0
80,1192,0,0,0,0
132,1861,0,0,1,49
131,1672,1,0,0,0
9,1940,1,0,0,475
47,2078,0,1,0,0
42,1286,0,1,0,149
71,1799,0,0,0,0
139,1322,1,0,0,0
121,1027,1,0,0,0
118,1391,0,0,0,424
100,1076,1,1,0,0
74,1381,1,1,0,0
113,2068,0,0,0,105
133,1273,1,0,0,0
91,1297,0,0,0,115
4,1352,1,0,1,0
17,1197,1,1,0,0
63,1666,1,0,0,0
26,1149,1,1,0,0
80,2006,0,0,0,70
75,1009,0,0,0,0
138,1866,0,0,0,0
77,1013,1,1,1,0
68,2097,0,1,1,0
25,1332,0,1,0,178
34,1887,1,0,1,0
93,1094,1,0,0,72
107,2031,1,0,0,115
44,1871,0,1,1,0
116,2026,0,0,0,0
81,1129,0,0,0,74
20,1260,1,0,0,0
15,2091,1,0,1,0
141,1205,1,0,0,63
96,1138,1,1,0,0
143,1709,1,0,0,0
89,1070,0,0,1,0
139,1286,0,0,0,101
53,1318,1,1,1,0
144,1574,1,0,0,0
11,2050,1,0,0,0
83,1266,1,0,0,0
122,2169,0,0,0,0
47,1901,1,0,0,0
105,1859,1,0,0,0
76,1304,0,0,0,0
117,1848,0,0,0,246
105,1270,1,0,0,0
45,2200,0,1,0,0
3,1669,0,1,0,200
21,1733,1,0,0,0
8,1975,1,0,0,0
23,1148,1,0,0,0
141,1451,0,0,0,0
57,1187,0,0,0,0
46,2109,0,0,0,0
113,1082,0,0,0,0
92,1513,1,0,0,0
33,1864,0,0,0,208
103,1565,1,1,1,251
48,1574,1,0,0,0
47,1322,0,0,0,0
103,1795,1,1,0,0
55,1588,1,0,0,472
118,1193,0,0,0,221
23,1047,1,1,0,0
114,1776,1,0,0,256
24,1621,1,0,0,305
121,1632,1,1,0,0
110,1300,0,1,0,268
83,1976,1,0,0,372
54,1135,1,0,1,0
136,1383,0,0,0,27
9,1524,1,0,1,308
125,1416,0,0,1,0
92,1368,1,0,0,0
115,1793,0,0,0,0
137,1274,1,0,1,455
38,2033,0,1,0,0
131,1518,1,0,0,0
121,1980,1,0,0,106
59,1590,1,0,0,0
69,1320,1,0,0,0
136,2097,0,1,1,0
112,1562,1,1,0,0
6,1267,0,0,0,0
85,1710,1,1,0,0
3,2147,1,0,0,0
123,2164,0,0,0,0
93,1326,0,1,0,0
140,2189,1,0,0,0
7,2069,0,0,0,7
44,1092,0,0,0,0
104,1632,1,0,0,0
107,1073,1,0,0,0
116,1792,0,0,0,0
49,1525,0,1,0,108
99,1337,1,1,0,0
89,1868,1,0,0,0
30,1823,1,0,0,0
111,1521,1,1,1,373
139,1668,1,0,0,160
42,1728,1,1,0,0
144,1738,0,1,1,13
21,1431,0,1,0,280
144,1431,1,1,0,101
39,2024,1,0,0,0
140,1198,0,0,0,0
143,1301,1,0,1,0
134,1237,0,0,0,0
19,2199,1,0,1,0
17,1205,0,0,0,106
23,1219,1,1,0,0
49,1389,1,0,1,0
120,2039,0,0,0,0
29,1357,0,0,0,0
87,1288,0,0,0,0
91,1818,1,1,1,291
18,2194,0,0,0,0
25,1888,0,0,0,262
45,1558,1,0,0,148
125,2177,1,0,0,0
24,1039,1,0,0,203
113,1928,0,0,0,0
61,1107,0,0,0,304
70,1018,1,0,0,62
77,1593,1,0,0,587
84,1920,1,0,0,331
97,1675,0,1,0,0
55,1730,0,1,0,0
103,1531,1,1,0,0
60,1817,1,0,1,0
133,2112,0,0,1,258
48,2164,1,1,0,0
42,1191,1,0,0,21
144,2123,1,1,0,0
70,1660,1,1,0,0
72,1944,0,0,0,26
88,1304,1,1,0,0
92,2096,1,0,1,151
22,2157,0,1,0,0
51,1279,1,0,1,0
44,1860,0,0,0,0
77,1772,0,0,0,0
4,1890,0,0,0,0
14,1563,1,1,0,0
3,2104,0,0,0,116
49,1268,1,0,0,409
107,1801,0,0,0,0
71,1703,1,0,0,0
68,1629,0,1,0,0
65,1129,1,1,0,182
55,1795,1,1,0,0
68,1332,0,0,0,42
67,2000,1,1,0,0
77,1835,1,1,1,0
34,1759,1,0,0,41
99,2020,0,0,0,0
89,1610,1,0,0,0
12,1127,1,0,0,214
142,1579,1,0,0,0
133,1677,1,1,0,0
24,1057,1,1,0,0
109,1154,1,0,0,402
120,1319,0,1,0,32
74,1565,1,0,0,152
123,1539,1,0,0,0
72,1128,0,0,0,0
5,1062,0,0,0,300
130,1124,1,0,0,268
30,1442,1,0,0,67
27,1158,1,1,1,157
85,1518,1,0,1,0
128,1332,0,1,0,289
12,1918,0,0,0,68
112,1461,0,1,0,52
102,1230,0,0,0,0
33,1565,1,0,0,66
51,1530,1,0,0,109
114,2122,1,0,0,0
71,1267,1,0,0,0
92,1436,1,0,1,0
110,1480,1,1,0,0
130,1897,0,0,0,160
21,1165,1,1,0,80
128,1436,0,1,1,0
101,1753,0,0,0,0
54,1349,1,0,0,0
19,2022,1,0,0,0
88,2080,0,0,0,0
112,1832,1,1,0,0
117,1357,1,1,0,0
42,2003,1,0,1,70
107,1290,0,1,1,0
105,2134,1,0,1,0
64,2102,0,0,0,0
124,1150,0,0,0,365
40,1928,0,0,0,0
7,2084,0,0,0,0
90,2009,0,0,0,0
46,1399,1,0,0,38
55,1546,0,1,1,0
80,1893,1,1,0,0
114,1843,1,1,1,0
14,1318,1,1,1,0
52,2150,1,0,0,0
46,1420,0,0,1,21
99,1252,1,0,0,42
91,1402,1,1,0,0
38,1610,0,0,0,0
33,1844,0,0,1,0
82,1945,0,1,1,0
66,1454,1,0,0,365
45,1416,1,1,0,0
86,1349,0,0,0,0
6,1858,0,1,0,148
39,1604,1,0,0,82
134,1587,1,0,0,194
2,1949,0,0,0,0
81,1321,1,0,0,228
16,1942,0,0,0,0
29,2065,1,0,0,0
21,1814,1,0,1,0
56,1814,0,1,0,0
86,1160,1,0,0,35
46,1968,0,0,0,0
105,1362,1,1,0,0
42,1440,0,1,0,0
43,1545,1,0,1,152
61,1276,1,0,0,0
54,1547,1,0,0,0
134,1501,1,0,0,145
121,2146,1,0,0,0
29,1673,0,0,1,0
132,1674,1,1,1,0
52,1559,1,0,0,188
122,1595,1,0,1,61
28,1368,1,1,0,0
33,1718,0,1,0,0
17,1055,0,1,0,0
90,1016,0,1,0,0
98,1037,0,1,0,0
7,1222,1,1,1,0
119,1398,0,0,0,0
92,1761,1,0,0,367
50,1456,0,0,0,74
145,1267,1,0,0,0
42,1338,1,0,0,180
25,1293,1,0,0,0
65,2014,1,0,0,0
1,1759,1,1,0,101
27,1271,1,0,0,0
72,1107,1,0,1,441
30,1506,1,0,0,0
135,1163,1,0,0,0
100,1919,0,1,0,0
34,1363,1,0,1,24
124,1541,0,0,0,144
1,2128,0,0,0,368
61,1285,0,0,0,0
34,1747,0,1,0,595
104,1233,0,0,0,0
58,1470,1,0,0,0
82,1106,0,0,0,0
81,1226,0,0,0,0
21,1936,0,0,1,0
90,1004,1,0,1,0
23,1523,1,1,0,0
116,1540,0,0,0,0
64,2149,0,1,1,217
65,1660,1,0,0,0
121,2116,1,1,1,0
60,1365,1,1,1,0
36,1518,1,0,0,0
144,1935,1,0,0,0
31,1522,1,0,0,0
105,1010,1,1,0,0
105,1834,1,0,0,0
77,1312,1,0,1,86
93,1622,0,0,0,126
9,1210,1,1,1,0
15,1580,0,0,0,106
130,1007,0,0,1,82
59,1327,0,1,1,0
60,1159,0,0,0,17
48,1116,1,0,0,29
87,2025,1,0,0,323
124,1837,1,1,0,0
109,1274,0,0,0,459
18,1759,0,1,0,134
128,1569,1,0,0,0
126,1239,1,1,0,111
11,1965,1,1,0,20
48,1684,1,0,0,63
128,2048,1,0,0,325
12,2161,0,0,1,0
98,1234,1,0,1,474
64,1317,0,0,0,0
19,1725,1,0,0,85
17,1921,1,0,1,0
12,1361,1,1,0,20
127,1375,1,0,0,0
53,1160,0,0,0,61
130,1775,1,0,0,0
123,2033,0,1,0,0
139,1462,1,1,0,0
107,2195,0,0,1,0
56,1671,0,1,0,0
93,1122,0,0,0,0
88,1395,0,0,0,0
133,1473,1,1,0,0
110,1426,1,1,0,48
93,1808,1,0,0,46
57,1419,0,0,1,0
131,2192,1,0,1,0
98,1374,1,0,0,0
102,1292,1,1,0,48
77,1917,1,0,0,0
119,2024,1,0,0,0
94,1423,0,0,1,0
10,1185,1,1,0,0
89,2052,1,0,1,0
76,1994,1,1,1,0
50,1105,1,0,0,0
51,1089,1,0,0,0
107,1147,0,1,0,0
143,1233,1,0,0,0
133,2186,0,0,0,0
91,1430,0,1,0,0
68,1728,1,0,0,0
94,1303,1,1,1,0
69,1795,1,0,0,0
102,2155,1,1,0,0
57,1788,0,0,0,66
91,2104,0,0,0,170
26,1215,0,0,1,0
67,1894,1,0,0,0
127,1770,1,0,0,0
4,1391,0,0,0,441
102,2061,1,0,0,0
63,2007,1,1,0,0
99,1419,1,0,0,0
114,1199,1,1,1,303
120,1119,1,0,0,167
107,1677,1,0,0,0
58,1656,1,1,0,0
21,1662,0,1,0,0
142,1535,0,0,0,0
133,1745,0,0,0,0
120,1036,1,1,1,0
45,1752,1,1,0,17
65,1199,1,0,0,87
8,1603,1,1,0,317
37,1239,0,1,0,177
117,1215,0,0,0,0
126,1555,1,0,0,0
37,1335,1,1,0,0
106,1471,0,0,1,26
71,1190,1,0,0,0
30,1574,1,0,1,0
29,1559,1,0,1,358
113,1362,1,1,0,0
24,1498,1,1,0,115
106,1699,1,0,0,38
115,1809,1,0,0,0
116,1725,1,1,0,22
97,1640,0,1,1,0
82,1685,1,0,1,345
46,1592,1,0,0,0
89,1573,1,1,0,0
35,1215,1,0,0,0
136,2088,1,1,1,0
74,1719,1,0,0,0
138,1599,0,1,0,46
85,1053,1,0,1,0
16,1946,0,0,1,0
71,1365,1,1,1,0
59,1861,1,0,0,127
11,1450,1,0,1,0
131,1950,0,0,0,0
14,2078,0,0,1,0
28,1054,1,0,0,0
135,1811,0,1,1,0
131,1721,0,0,1,0
21,2116,1,1,0,0
89,2174,1,0,0,0
80,1184,0,1,0,0
74,1189,1,1,0,146
12,2149,1,0,1,387
145,1021,0,1,0,0
19,1555,1,0,0,0
71,1198,1,1,0,0
98,2093,1,1,1,0
88,1030,0,1,1,0
136,1925,1,1,0,0
10,1015,1,0,0,0
19,1755,1,0,0,0
143,1352,1,0,1,0
6,1197,0,0,0,0
95,1497,0,1,0,0
46,1530,0,0,0,177
126,1172,0,1,1,0
28,1844,0,1,0,0
24,1179,1,0,1,274
116,1617,0,1,0,0
57,1862,0,0,0,0
126,1588,1,1,0,73
105,2052,1,1,0,0
89,1301,0,0,1,0
50,2194,0,0,0,0
118,1443,0,0,1,267
110,1017,0,1,1,0
119,1356,1,0,1,0
16,1391,0,0,0,534
12,2063,1,1,0,0
135,1529,0,1,0,0
24,2099,1,0,0,0
75,1312,0,1,0,137
4,2078,0,0,0,0
4,1987,1,0,0,0
8,1094,0,0,0,433
55,1450,1,1,0,0
64,1791,0,0,0,128
70,1476,1,1,0,365
56,1719,1,0,0,0
60,1530,0,1,0,343
129,1401,0,0,0,0
67,1366,1,1,0,171
8,1546,1,0,0,0
51,1887,0,0,0,0
43,1446,1,0,0,61
77,1650,0,0,1,318
140,2007,1,1,0,0
145,1535,0,1,0,0
122,1881,1,0,0,0
50,1531,0,0,0,0
70,1370,0,0,0,0
21,1613,1,0,0,0
101,1270,1,0,0,0
41,1248,0,0,0,0
135,1892,1,0,0,0
103,1144,1,0,0,120
83,1884,1,0,0,437
50,1241,0,1,0,0
3,1913,1,0,0,276
119,1848,1,0,0,319
101,1612,1,0,1,0
20,1229,1,0,0,113
113,1509,0,0,0,423
143,1632,1,1,0,0
8,1302,0,1,1,0
35,1357,1,0,0,0
17,1730,0,1,0,0
5,1114,1,1,0,41
94,1093,1,0,0,0
143,1287,0,0,0,0
132,1052,0,0,0,0
7,1639,1,0,0,0
18,1471,1,0,1,38
133,2108,1,0,0,35
70,1414,0,0,0,0
65,1935,1,0,1,0
22,1129,0,1,0,132
88,1744,0,1,1,0
81,1526,0,0,0,0
79,1985,0,0,0,0
109,1034,0,1,0,325
59,2150,1,1,0,0
98,1618,1,1,0,67
108,2112,0,0,0,462
6,1571,0,0,0,0
65,2010,0,0,0,0
49,1307,0,0,0,0
129,1530,0,1,0,329
21,2023,1,0,0,0
13,1066,0,0,0,97
109,2169,1,0,0,0
38,1047,0,1,1,0
86,1229,1,1,0,27
67,1517,1,0,0,343
101,1615,0,0,1,357
111,1931,1,0,0,0
123,1349,0,1,0,0
9,2119,0,0,0,0
27,1768,0,1,0,0
142,1588,1,1,1,390
139,1279,0,0,1,0
68,1368,1,0,0,0
45,1677,1,0,0,0
141,1194,0,0,0,146
145,1321,0,1,0,303
39,2140,0,0,0,35
32,1431,1,1,0,391
28,1269,1,0,0,0
95,2117,0,0,1,0
114,1749,0,1,0,0
65,1572,0,0,0,121
25,1918,0,0,0,178
25,1230,1,1,1,0
141,1807,0,1,0,108
38,1977,1,0,0,0
3,1868,0,1,0,0
5,1867,0,1,0,0
83,1513,1,0,0,0
29,2146,0,0,1,0
108,1053,0,0,0,0
102,1747,0,0,1,367
35,1668,0,0,0,68
141,1866,0,0,1,0
106,2014,0,0,0,0
43,2141,0,1,0,0
15,1752,1,0,1,29
66,1453,1,1,0,0
57,2180,1,0,0,0
34,1638,1,0,0,0
21,1678,1,1,0,0
24,2182,1,0,1,0
134,1755,1,0,1,0
52,1135,0,0,0,0
47,1744,0,0,0,0
103,2116,1,0,0,0
35,1557,1,1,1,69
140,1999,1,0,0,0
144,1687,0,0,0,0
28,1940,0,1,0,414
28,1309,0,1,0,106
78,1756,0,1,0,0
119,1423,1,0,0,0
92,1939,1,0,0,98
82,1768,0,0,0,0
38,1825,1,1,0,90
94,1693,1,0,0,0
129,1894,1,0,0,0
124,1693,1,1,0,0
16,1641,1,0,0,0
124,2060,1,1,0,94
87,1310,0,1,0,0
110,1444,1,0,0,75
115,1248,0,1,0,0
137,1481,1,0,0,51
141,1129,1,1,0,370
34,1018,0,1,0,117
134,1547,1,0,0,0
13,1035,0,0,0,0
120,1616,1,0,0,0
59,1556,1,0,0,190
72,1162,1,1,0,56
110,1835,1,1,0,0
27,1760,0,0,0,0
7,1694,1,0,0,0
136,1218,1,0,0,0
81,1676,1,0,0,42
109,1259,1,0,0,411
34,1105,1,1,0,0
137,1723,1,1,0,0
27,2077,1,0,0,93
126,1633,1,0,0,0
109,1480,1,0,1,0
123,1002,0,0,1,0
13,2003,0,0,0,265
138,1488,1,0,0,0
2,1064,1,0,0,419
42,2092,1,0,0,0
69,1307,0,0,0,0
14,1979,0,0,0,0
50,1126,1,1,0,0
129,1747,0,0,0,359
58,1317,1,0,0,0
132,1255,1,1,0,91
96,1511,1,0,0,169
44,1551,0,0,0,0
84,1552,0,0,0,0
100,1650,0,0,0,63
87,1301,1,1,1,0
13,1723,0,0,0,0
142,2153,0,1,0,26
86,2110,1,0,0,87
68,1764,0,0,0,0
132,1428,0,0,0,0
107,1288,1,0,0,0
12,1146,0,0,1,0
4,1219,1,0,0,0
123,1822,1,0,0,285
128,1790,1,0,0,86
129,2067,0,0,0,218
39,1339,0,0,0,0
57,1075,1,1,0,57
66,1753,1,0,1,0
85,1875,0,0,0,0
46,1294,1,1,0,56
59,1171,1,0,0,0
81,1792,1,0,0,0
104,2140,0,0,0,82
132,1922,0,1,0,0
46,1139,1,1,0,28
2,1894,0,1,1,0
47,2021,1,1,1,0
9,1695,1,0,0,0
40,1639,1,0,0,0
29,2059,0,0,0,0
91,1168,1,0,1,0
137,1504,1,0,1,91
108,1539,1,0,0,0
41,1614,0,1,0,257
145,2088,1,0,1,0
126,1756,0,0,0,0
60,1984,1,0,1,0
103,1196,1,1,0,217
134,1452,0,1,0,0
105,1422,1,1,0,0
35,2103,1,0,0,0
1,1606,1,0,0,0
3,1646,0,1,0,0
107,2184,1,0,0,0
3,2014,0,0,0,0
34,1269,1,1,0,0
75,1689,0,0,1,317
137,1570,0,1,0,314
143,1012,1,1,0,0
125,1553,0,0,0,0
75,2151,1,0,0,0
48,1618,1,1,0,41
2,1221,0,1,0,0
32,2197,1,1,1,38
2,2150,0,0,0,0
95,1149,1,0,0,0
13,1569,1,1,0,0
98,1751,0,0,0,0
20,1503,1,1,0,11
145,1793,1,0,0,0
67,1574,1,1,0,0
21,2123,0,1,0,0
6,1633,1,0,0,0
135,2094,1,0,0,46
110,1916,1,0,0,226
136,1474,1,0,0,0
30,1972,0,1,0,0
2,1770,1,0,1,0
13,1691,0,0,0,249
54,1898,0,0,0,317
66,1645,1,0,1,149
27,1536,1,0,0,0
79,1765,1,0,0,0
25,1921,0,1,0,0
125,1878,1,0,0,17
25,1702,0,0,0,0
8,1741,0,1,1,0
96,1626,0,0,0,0
88,1129,0,1,0,381
35,1870,0,0,0,8
61,1652,1,0,1,0
141,2115,1,0,0,170
11,1131,1,1,0,0
113,1363,0,1,0,159
64,2080,0,0,0,0
138,1763,0,0,0,0
29,1142,1,0,0,152
77,2042,1,0,1,0
33,1401,0,0,0,0
98,1379,0,0,0,0
119,1826,1,1,0,0
55,1282,1,0,1,0
23,1536,1,1,0,0
71,1726,0,1,0,0
44,1078,1,0,1,0
98,1999,0,0,0,0
139,1348,0,0,0,55
55,1498,1,0,0,85
116,1849,0,0,0,138
112,1906,0,0,1,80
101,2094,0,1,1,32
11,1861,0,0,0,158
90,1746,0,0,0,0
26,1430,0,0,1,0
135,1704,1,0,0,0
69,1425,1,0,1,0
82,1007,1,1,0,58
108,1939,1,0,0,37
90,1707,1,0,1,0
72,1391,0,0,0,70
11,1631,1,0,1,101
26,1937,1,0,0,0
40,1748,1,0,0,161
121,1501,0,0,0,36
106,2006,1,0,0,48
61,1558,0,1,0,273
65,1627,1,0,1,0
58,1148,1,0,0,0
145,1108,1,0,0,61
16,2055,0,0,1,0
40,2049,1,1,0,154
108,1610,0,0,0,0
53,1090,0,0,0,0
4,2087,1,0,0,157
73,1858,1,1,0,93
6,1883,0,1,1,0
136,1742,1,0,0,0
88,1576,1,1,0,44
144,1837,1,1,0,0
96,1955,0,0,0,0
98,1508,1,0,0,52
95,1561,0,0,0,11
28,1808,1,0,0,78
109,1298,0,0,0,0
124,1512,0,0,0,253
132,1892,0,1,0,0
40,1882,1,0,0,0
63,1262,0,1,0,0
130,1383,1,1,0,46
84,1974,0,0,0,0
130,1170,1,1,0,0
101,1777,0,0,0,429
49,1679,0,1,0,0
118,1615,0,0,0,413
19,1907,0,1,0,385
74,2028,0,0,0,404
115,1435,1,1,0,167
77,2159,0,0,0,0
134,1457,1,1,0,0
68,1209,0,0,1,371
61,1032,1,0,0,430
98,2163,0,1,1,0
66,1096,0,0,0,240
66,1175,0,0,0,136
112,1359,1,0,0,0
109,1487,1,0,0,111
128,1112,1,0,0,149
30,1438,1,0,0,0
114,2111,0,1,0,0
127,1272,1,0,0,198
137,1046,1,0,0,0
24,1578,1,1,0,0
38,1318,1,1,1,0
81,1782,0,0,0,0
39,1510,0,1,1,0
109,1681,0,0,0,44
14,1786,0,0,0,301
23,1274,0,1,0,165
86,2142,0,0,1,333
140,1597,1,0,0,0
144,1872,1,1,0,0
69,2123,1,0,0,0
51,2170,0,0,0,0
27,1075,1,0,0,215
63,1599,1,0,0,125
105,2078,1,0,1,0
54,1373,1,0,0,0
70,2106,0,1,0,340
16,2121,1,0,0,0
59,1005,0,1,1,113
132,1728,1,1,1,0
19,1388,1,0,0,0
130,1289,1,1,1,198
88,1023,1,0,0,0
141,1403,1,0,0,6
92,1550,1,0,0,0
20,1939,1,1,0,163
59,1133,1,0,0,0
55,1749,0,0,1,0
54,1256,0,1,1,0
17,1833,1,0,0,0
135,1205,1,0,1,105
109,1692,0,0,0,0
31,1271,0,0,0,0
111,1153,1,0,0,0
46,1825,1,0,1,104
70,1802,1,0,0,194
98,2074,0,0,0,0
55,1404,0,1,0,0
16,1205,0,0,0,196
8,1220,1,0,0,0
13,1016,1,0,0,0
21,1931,0,1,0,0
103,1992,0,1,0,193
50,1279,1,1,0,0
19,1361,0,0,0,52
24,1750,1,0,0,0
138,1427,0,1,0,264
98,1633,0,1,0,0
121,1845,0,0,0,0
95,1238,1,0,1,339
123,2172,1,0,0,0
90,1827,1,0,1,0
24,1120,0,0,0,0
101,1981,0,0,0,132
27,2018,1,1,0,0
116,1806,0,0,0,156
21,1854,0,0,0,93
18,2042,0,0,0,0
145,1011,0,1,0,0
117,1574,1,0,0,0
39,1554,0,0,1,139
18,1041,1,0,0,0
137,1573,1,1,0,0
125,1699,1,0,0,40
112,1303,1,0,0,0
111,1652,1,1,0,0
84,2012,0,0,0,33
7,1196,1,0,1,186
54,2048,0,0,0,155
94,1367,1,0,0,397
60,1345,1,0,0,0
44,1958,0,0,1,0
108,2190,0,0,0,0
39,2116,0,1,0,0
72,1921,1,0,1,0
80,1553,1,1,1,0
101,1598,0,0,0,151
110,1284,0,0,0,0
114,1508,0,0,0,221
122,1281,1,0,0,0
58,1438,0,1,0,0
6,2113,0,1,0,0
31,1476,1,1,1,130
112,1534,0,1,1,0
40,1177,0,0,0,0
62,1343,1,1,0,232
21,1993,1,1,0,0
111,1164,1,0,0,0
117,1457,1,1,0,0
65,1211,1,0,0,38
96,1286,1,0,0,50
62,1432,1,1,0,0
21,1910,1,1,0,0
62,1528,1,0,1,569
26,1648,1,0,0,0
59,1904,1,0,0,0
88,1700,0,1,0,0
24,1065,0,0,0,484
60,1749,0,0,0,0
85,1055,1,0,0,0
53,1077,1,0,0,69
61,2176,0,1,0,0
76,1044,1,0,0,399
57,2020,0,0,0,0
74,1549,1,0,1,0
57,1355,1,1,1,0
140,1228,0,1,0,0
110,1208,0,0,0,0
8,1653,1,0,0,0
126,1721,0,0,0,0
32,1297,1,0,1,147
129,1449,0,1,0,136
3,1213,0,0,0,8
39,1508,1,0,0,54
100,2067,1,0,0,161
120,2192,1,1,0,0
49,1545,1,0,1,154
34,1925,1,0,0,0
136,1743,1,0,0,0
14,2090,0,1,0,0
108,1564,0,0,0,0
81,1191,0,0,1,31
34,1619,1,1,1,0
43,2060,1,1,0,91
74,1890,1,0,0,0
59,1847,1,0,1,0
45,1817,0,0,0,0
24,1355,1,1,0,0
19,1734,1,0,0,0
48,1098,1,1,0,0
46,1332,0,1,1,150
97,1772,0,0,0,0
3,1772,1,0,0,0
94,2005,1,0,0,0
48,1082,1,1,1,0
130,1954,1,0,0,0
9,1516,0,0,0,0
22,1012,0,0,0,0
68,1207,1,1,0,0
8,1766,0,1,0,137
79,2036,1,0,0,113
78,1293,1,1,1,0
100,1273,0,0,0,0
143,1622,1,0,0,17
66,1692,0,0,0,0
71,2015,1,0,0,31
44,1128,1,0,0,0
57,1825,0,1,0,129
50,1570,1,0,1,533
57,1281,0,0,0,0
42,1765,1,0,0,0
3,1523,0,0,0,0
69,1068,0,0,0,0
9,1557,0,0,1,347
79,1862,1,0,0,0
90,1794,1,1,0,0
137,1474,1,1,0,0
113,1358,1,0,0,181
23,1518,0,1,0,0
70,1626,0,0,0,0
101,2155,0,0,0,0
43,1434,1,0,0,20
52,2197,1,0,0,58
53,1641,0,1,0,0
11,1287,1,0,0,0
112,1239,0,0,0,94
27,1786,1,1,0,157
8,1100,1,0,0,0
45,1643,1,0,0,452
119,1282,1,1,0,0
139,1616,1,0,1,0
124,2014,0,1,0,0
74,1446,1,0,0,220
127,1994,0,0,0,0
31,1947,0,0,0,0
22,1176,1,0,0,0
106,1492,1,0,0,0
125,1434,1,0,0,14
133,1013,0,1,0,0
85,1494,1,1,0,293
125,1075,1,1,0,272
91,1559,0,0,1,196
14,1296,1,1,0,0
79,1473,0,0,0,0
138,2149,0,1,0,422
62,2058,1,0,0,0
20,1627,0,0,0,0
139,1502,0,0,1,304
128,1120,0,0,0,0
13,1594,1,0,1,0
138,1492,1,0,0,0
102,2119,1,1,0,0
99,1562,1,0,0,0
121,2086,1,1,1,382
12,2057,0,1,0,0
127,1960,1,0,0,0
44,1294,0,0,1,172
83,1720,0,0,0,251
94,1262,1,1,0,0
33,1721,1,0,0,0
1,1876,0,1,0,574
143,1980,1,0,0,57
52,1844,1,0,1,0
69,1669,0,1,1,435
80,1208,1,1,1,0
9,1574,1,0,0,0
40,2195,1,0,0,0
107,2158,1,1,0,140
49,2153,1,0,0,49
92,1994,1,0,0,0
111,1317,0,0,1,0
26,1632,0,0,0,0
35,1377,1,0,1,0
49,1165,0,0,0,466
91,1861,0,1,0,124
62,1604,1,0,1,44
91,1020,1,0,0,356
40,1017,0,0,0,0
40,1725,1,0,0,92
111,1574,1,0,0,0
6,1454,1,0,0,195
123,1839,0,0,0,24
82,1290,0,0,0,0
142,1851,1,0,0,0
15,1387,1,0,1,186
88,1346,0,0,0,466
73,1458,0,0,0,188
58,1671,1,0,0,0
9,1394,1,0,1,0
136,1283,1,0,1,0
6,1080,0,0,0,53
132,2039,0,1,0,0
137,1873,1,1,0,0
25,1142,0,0,1,399
35,1341,0,0,0,0
69,1217,1,0,0,170
30,1590,0,0,1,0
39,1630,0,1,0,0
127,1811,1,0,1,0
84,1711,1,0,0,304
102,1185,1,0,1,0
100,1929,1,0,0,0
102,1142,1,0,1,96
127,1856,1,1,0,0
51,1299,0,0,0,0
109,1876,0,1,1,180
30,1889,0,0,0,0
104,1765,0,0,0,0
102,1218,1,0,1,0
19,1615,1,0,0,147
5,1229,1,0,0,18
52,1922,1,0,1,0
140,1551,1,1,1,0
69,1209,0,0,0,265
120,1340,0,1,0,0
38,2023,1,1,0,0
16,2063,1,0,0,0
83,1184,1,0,0,0
56,1296,1,0,0,0
73,1046,1,0,1,0
97,1135,1,0,1,0
90,1973,0,0,0,65
108,2099,0,0,0,0
102,1974,0,0,0,0
45,1651,0,0,0,0
74,1272,1,1,0,67
13,2051,0,0,0,0
112,1733,0,0,0,0
7,1462,1,1,0,0
49,2051,1,0,0,0
22,1137,1,1,0,0
25,1983,1,0,0,0
112,1027,1,0,1,0
62,2193,1,0,1,71
73,1680,0,0,0,0
88,2053,1,1,0,0
124,1522,0,1,0,0
134,2147,1,0,1,0
74,1422,0,1,0,0
23,2057,0,0,0,0
9,1444,1,0,0,331
95,1246,0,1,0,0
50,2061,0,0,0,0
63,2111,0,1,1,0
130,1985,1,0,0,0
46,1108,0,0,0,120
144,1995,1,0,0,8
30,1686,0,0,0,238
33,1870,1,0,0,80
23,1473,1,0,0,0
104,1823,1,0,0,0
31,2158,1,0,0,157
103,2021,1,1,1,0
139,1246,1,0,0,0
78,1931,0,0,0,0
134,2143,1,1,0,403
12,1887,0,1,0,0
78,1535,1,0,0,0
30,1021,1,0,0,0
88,1554,1,0,0,226
133,1132,1,1,0,324
123,1660,1,1,1,0
117,1543,0,0,0,0
26,1639,1,0,1,0
64,1003,1,1,0,0
2,1039,1,1,0,141
123,1835,0,0,0,0
110,1363,1,1,0,218
143,1901,0,0,0,0
6,2025,1,1,0,137
26,1449,1,1,1,372
144,1095,0,0,1,21
67,1842,1,0,0,0
136,1262,1,0,0,0
125,1679,1,0,1,0
115,1833,1,0,0,0
109,2008,0,0,0,0
121,1637,1,0,0,0
32,1373,1,0,0,0
133,1934,1,0,0,0
57,2022,0,0,0,0
38,1195,1,0,1,209
26,1276,0,1,0,0
55,2096,1,1,0,265
107,1548,1,0,0,0
83,2144,1,1,0,0
20,1494,1,0,0,291
35,1329,1,0,0,0
85,1406,1,0,0,0
135,2033,1,0,0,0
144,1003,1,0,0,0
68,1125,1,0,0,0
29,1966,0,0,0,0
1,1993,0,1,0,0
127,1222,1,0,0,0
53,1959,1,0,1,0
29,1625,0,0,0,0
95,2130,1,0,0,36
104,1082,1,0,0,0
144,1717,0,0,1,0
83,1026,1,0,1,35
8,1536,1,0,0,0
121,1163,0,0,0,0
104,1990,1,0,0,275
81,1431,1,0,0,322
68,1850,1,0,1,123
100,1954,1,0,1,0
2,2066,1,1,0,0
71,1709,0,0,0,0
16,1157,1,1,0,0
19,1955,0,0,0,0
115,1539,0,0,1,0
67,1417,1,0,0,0
24,1194,1,0,1,431
114,1088,0,1,0,86
75,2071,0,0,0,0
122,1439,1,0,0,0
36,1855,1,1,0,0
145,1311,0,1,0,0
67,1287,1,0,0,0
50,1068,0,0,0,0
134,1181,1,0,0,165
45,1884,0,1,1,577
33,1465,1,0,0,0
100,1566,1,0,0,0
26,1469,1,0,0,44
13,1583,1,0,1,7
40,1223,1,1,0,0
93,1168,0,1,0,0
82,1693,1,1,0,0
25,1117,0,0,0,0
108,2077,1,1,1,52
104,1291,0,1,0,0
56,1430,1,0,0,0
23,1731,0,0,1,104
141,2163,1,0,1,0
145,2030,1,1,0,0
2,1671,0,0,0,0
62,1259,1,0,1,488
126,1321,0,1,0,133
94,2041,0,0,0,397
20,1743,0,1,0,0
95,2021,1,0,0,0
123,1036,1,1,0,0
144,2138,0,0,0,169
84,2124,1,0,0,0
13,1742,0,0,0,0
137,1502,1,0,0,124
6,1806,1,1,0,160
34,1016,0,0,0,0
101,1540,1,1,0,0
73,1726,1,0,0,0
145,2082,0,0,0,0
50,1443,1,0,0,136
38,1393,1,0,0,0
98,1758,1,0,0,318
117,1269,0,0,0,0
117,2049,1,0,0,195
94,1384,1,0,0,220
83,1342,0,0,0,117
126,1412,0,1,0,0
68,2147,1,0,0,0
39,1285,0,0,1,0
18,1835,1,0,0,0
119,2083,1,0,0,0
1,1605,1,1,1,32
73,1433,0,0,0,0
131,1058,0,0,0,39
39,1332,1,1,0,83
137,1169,0,1,1,0
82,1874,1,0,0,94
130,1510,1,0,0,0
131,1438,1,0,1,0
15,1242,0,0,0,0
39,1976,1,0,0,77
85,1637,1,0,0,0
140,1542,1,0,0,0
119,2085,0,1,1,0
100,1209,0,0,1,239
51,1590,1,0,0,0
66,1253,1,1,1,175
71,2115,1,0,0,106
12,1714,1,0,0,0
35,2139,1,0,0,0
73,1295,0,0,0,72
29,1588,0,0,0,484
89,2050,0,0,0,0
84,1693,1,0,0,0
48,1771,1,0,1,403
64,1231,1,1,0,222
76,1757,0,1,1,84
27,1131,1,1,0,0
42,2110,0,1,0,145
113,1562,0,1,0,0
52,2127,1,0,0,0
2,2140,1,1,1,95
45,1338,1,1,0,212
8,1926,0,0,0,0
113,1733,0,0,0,0
129,1682,1,0,0,109
39,2131,1,0,1,0
34,1128,0,0,0,0
104,2083,0,0,0,0
82,1550,0,1,0,0
40,1735,0,0,0,0
74,2093,1,1,0,0
13,1312,0,0,0,118
89,1571,0,0,1,0
91,2006,0,0,0,57
55,1715,1,1,1,340
7,1996,1,1,0,141
126,1390,0,0,0,24
88,1425,1,0,0,0
6,1488,0,0,1,0
101,1782,1,0,0,0
116,1669,1,1,0,360
142,1132,0,1,0,407
127,1699,0,0,0,16
57,1626,1,1,0,0
48,1192,1,0,0,0
82,1613,1,0,0,0
67,1966,1,0,0,0
68,1722,1,0,1,0
34,1348,0,1,0,40
28,1102,1,0,0,42
113,1179,0,0,0,74
120,1355,0,1,0,0
2,2120,0,1,0,0
51,1327,0,0,0,0
42,1660,0,0,0,0
128,1453,1,1,1,0
90,1363,1,0,1,158
92,1340,1,1,0,0
22,1331,1,0,0,16
35,2026,1,0,0,0
129,1997,1,0,0,53
62,1107,1,1,0,457
125,1617,1,1,0,0
83,2155,1,0,0,0
48,1925,1,0,0,0
127,1664,0,0,1,0
117,1825,0,0,0,238
88,2036,1,0,0,155
76,1468,1,0,1,0
80,1126,0,0,0,0
110,1921,1,0,0,0
139,2031,1,0,0,249
7,1948,0,0,0,0
92,1214,1,1,0,0
143,1235,0,0,1,0
58,1777,1,1,0,137
144,1514,1,0,0,524
71,1208,1,0,0,0
59,1419,1,0,0,0
46,1064,0,0,0,524
74,1589,1,1,1,0
116,2152,0,0,0,0
134,1811,0,0,0,0
65,1158,0,0,0,249
137,1206,1,0,1,169
45,1941,0,0,0,0
38,1181,1,1,1,228
93,1484,0,0,0,0
3,1221,1,0,0,0
71,2084,0,0,0,0
21,1732,1,0,0,0
135,1720,1,0,0,172
1,1865,1,0,1,0
118,1156,1,0,0,0
103,1356,0,0,1,0
52,1752,1,0,0,42
37,1768,1,1,0,0
142,1741,0,1,0,0
99,1393,0,0,0,0
111,1792,1,1,1,0
49,1503,0,1,1,3
105,1642,1,0,1,31
30,1840,0,0,0,0
72,1604,0,0,0,82
127,1090,1,1,1,0
124,1755,1,0,0,0
115,1333,1,0,0,250
11,1778,1,0,0,0
95,1558,1,0,0,36
109,1244,1,0,1,0
10,1416,0,0,0,0
76,1696,0,1,0,33
87,1292,0,0,0,223
61,1696,0,0,0,28
47,1506,0,0,0,0
98,1083,0,0,1,0
82,1957,1,0,0,0
89,1261,0,0,1,0
43,1475,1,0,0,0
9,2148,1,1,0,0
51,1344,1,0,0,0
7,1958,1,1,0,0
115,1453,0,0,1,0
110,1863,1,1,1,13
23,1078,1,0,0,0
113,1333,1,0,0,246
42,1715,0,0,0,115
141,1621,0,0,0,382
59,1486,1,0,0,0
90,1991,1,0,0,0
143,1570,1,0,0,430
42,2007,1,1,0,0
126,1393,0,0,0,0
64,1926,0,1,1,0
97,1942,1,0,1,0
56,1652,0,0,0,0
119,1229,1,0,0,57
54,1815,0,0,0,0
48,1990,1,1,0,264
91,1974,0,1,0,0
120,2144,1,0,0,0
133,1760,1,0,0,0
83,1677,1,1,0,0
9,2171,1,0,0,0
32,1426,0,0,1,155
87,2081,1,0,0,0
2,1959,1,0,0,0
67,1893,1,0,0,0
103,2097,0,0,0,0
74,1414,1,0,0,0
52,2095,1,0,0,0
133,1167,0,0,0,0
3,1942,1,1,0,0
85,1324,1,0,0,65
36,1008,1,0,0,0
138,1353,1,0,0,0
140,1984,1,0,0,0
8,1987,1,0,0,0
33,1670,1,0,0,0
106,1654,1,0,0,6
44,2126,0,1,1,352
127,1251,0,0,0,0
49,1429,1,1,0,26
113,1055,1,0,1,0
14,1071,1,0,1,82
144,1166,1,0,0,514
101,1563,0,0,0,0
96,2139,0,0,0,0
119,1416,1,1,0,0
132,1528,1,1,1,70
4,1909,0,0,1,0
90,1150,0,1,0,264
61,1354,0,0,0,20
91,2113,0,0,0,0
103,2001,1,0,0,0
116,1884,1,0,1,437
109,2163,0,1,0,0
55,2149,1,0,0,423
112,1810,1,0,0,0
40,1551,1,0,0,0
83,1141,0,0,1,353
100,1946,1,0,1,0
11,1526,1,1,0,0
118,1612,0,1,0,0
67,2054,0,0,0,0
83,2124,1,0,0,0
70,2189,1,0,1,0
67,1276,1,0,0,0
125,1637,0,0,0,0
41,1255,1,0,0,36
15,1566,0,0,0,0
30,1014,0,1,0,154
116,2126,0,1,1,258
45,2084,1,0,1,0
5,1843,0,0,0,0
138,1270,0,1,0,0
77,1272,1,0,1,558
35,1195,1,0,0,221
32,1134,1,1,0,183
6,1856,0,1,0,0
113,1790,0,0,0,459
16,1829,1,0,0,71
17,1941,1,1,0,0
71,1871,0,0,0,0
97,1516,0,0,0,0
80,2110,1,0,0,162
85,2001,0,1,0,0
62,1031,1,0,0,502
29,1387,1,1,0,139
18,2123,0,0,0,0
13,1937,1,0,0,0
28,1846,0,0,0,0
104,1811,1,0,0,0
98,1948,0,0,1,0
16,1581,1,0,0,0
45,2064,1,0,0,0
34,1083,1,1,0,0
23,1852,0,1,0,15
60,1501,0,1,0,107
111,1707,1,1,0,0
84,2199,1,0,0,0
4,1742,1,0,0,0
58,1739,1,1,0,0
51,1489,0,0,1,32
145,1339,1,0,1,0
69,1048,1,0,0,198
54,1734,1,0,1,0
68,2049,1,0,0,117
58,2074,0,1,0,0
20,1112,0,0,0,124
65,1897,1,0,0,138
55,1158,1,1,0,495
131,1507,0,0,1,0
62,1074,0,1,0,0
58,1284,1,1,0,0
128,1135,1,0,1,0
128,1255,1,1,0,128
11,1017,1,0,1,0
40,1991,0,0,0,0
64,2050,1,0,0,0
20,1642,0,1,1,115
23,1563,1,1,1,0
70,1433,1,0,0,0
126,1063,0,0,0,0
119,2156,0,1,0,0
25,1823,1,1,0,0
5,1102,1,0,1,77
26,2009,1,1,1,0
58,1005,1,1,0,114
107,1156,1,1,0,0
49,1064,1,1,0,495
117,2054,1,1,1,0
91,1923,1,0,0,391
134,1050,0,0,0,296
60,1227,0,0,0,0
88,1281,0,0,0,0
35,1610,1,0,0,0
140,2077,1,0,0,114
96,1748,0,1,0,267
23,1138,0,0,0,0
14,1053,1,0,0,0
84,1658,1,0,1,0
107,1040,1,0,0,0
142,2062,1,1,1,201
41,1259,0,1,1,332
117,2069,1,0,0,34
81,1403,0,1,0,47
145,1975,0,0,0,0
107,1049,0,0,0,180
34,1091,0,0,0,141
7,1322,0,0,0,0
142,1756,0,0,1,0
11,1908,0,0,0,0
117,1339,0,0,0,0
89,2079,0,0,0,0
89,1028,0,0,0,241
52,1178,0,0,0,0
138,1414,1,0,1,0
18,1900,0,0,0,308
41,1920,0,0,1,483
94,2166,1,0,0,0
20,2138,1,0,0,26
138,1973,1,0,0,92
96,1594,1,0,0,0
76,1337,1,0,0,0
109,1450,1,0,0,0
61,1300,1,0,1,303
34,2137,1,0,0,0
59,1982,0,0,0,0
43,1354,0,0,0,13
49,1889,1,1,0,0
27,1108,1,0,0,45
11,1152,0,0,0,0
145,1286,1,1,0,36
122,1246,0,0,1,0
72,1862,0,1,0,0
99,1398,1,1,0,0
21,2148,0,1,0,0
91,1424,0,0,0,459
42,1173,1,1,0,0
81,1578,1,1,1,0
14,1355,0,0,0,0
44,1885,0,1,0,0
78,1743,1,0,0,0
63,1446,0,0,0,499
17,1548,1,0,0,0
72,1279,1,1,0,0
45,1359,0,0,0,0
43,1584,1,0,0,177
84,1628,1,0,0,272
81,2033,0,0,0,0
8,1128,1,1,0,0
64,1253,1,0,0,184
86,2091,1,0,1,0
50,1594,1,0,0,0
52,1155,1,0,0,0
55,1189,1,0,0,481
130,2145,0,0,0,0
46,1355,0,1,0,0
137,1729,1,0,1,83
100,1979,0,0,0,0
141,2123,0,0,0,0
42,1417,1,0,0,0
113,1020,1,0,0,411
32,1880,1,0,0,129
51,1593,1,1,0,126
135,1483,0,0,0,137
103,1547,0,0,0,0
28,1288,0,0,0,0
109,1641,0,0,0,0
106,1445,1,0,0,283
41,1106,1,1,0,0
114,1002,1,1,0,0
111,1087,0,0,0,101
81,1932,1,0,1,502
67,1629,1,1,0,0
69,1551,1,0,0,0
10,1471,1,1,0,133
79,2007,0,0,0,0
131,1627,1,0,1,0
85,1188,1,0,0,0
106,1744,0,0,0,0
86,1968,1,1,0,0
46,1954,1,0,0,0
114,1653,0,1,0,0
114,1892,0,0,0,0
12,1550,1,0,0,0
17,1117,0,1,1,0
73,1506,1,1,0,0
31,1193,0,0,0,77
126,1849,1,0,0,256
63,1548,1,0,1,0
54,1198,1,0,0,0
14,1930,0,0,1,0
44,1303,0,0,0,0
89,1157,1,0,0,0
18,1659,0,0,0,0
29,1205,0,0,1,165
105,1335,0,0,0,0
48,1690,1,1,0,0
145,1144,1,0,1,140
124,1916,1,0,0,415
45,2042,1,0,0,0
86,1441,1,0,0,147
118,1239,1,0,0,134
15,1414,0,0,0,0
34,1189,0,0,0,180
137,2159,1,1,0,0
28,1682,1,0,0,244
10,1881,1,0,0,0
137,1119,1,0,1,166
3,1061,1,0,0,0
13,1706,0,1,0,0
89,1015,0,0,0,0
26,1704,1,0,0,0
55,1111,0,0,0,0
144,1165,1,0,0,393
114,1712,0,0,0,346
38,1518,1,1,0,0
5,1386,1,1,0,0
24,1062,0,0,0,237
13,1607,1,0,1,0
141,1810,1,0,1,0
88,2060,1,0,0,56
106,1400,0,0,1,0
141,2127,0,0,0,0
55,1386,1,0,0,0
81,1417,0,0,0,0
80,1098,1,0,0,0
93,2004,1,1,0,0
123,1096,0,1,1,156
43,2177,1,0,1,0
119,1934,1,1,1,0
89,1211,1,0,0,43
86,1389,1,0,1,0
128,1187,1,0,0,0
67,1228,0,0,0,0
77,1412,1,0,0,0
7,2065,1,0,0,0
41,2125,1,0,1,0
55,1847,1,0,0,0
124,1771,0,1,0,447
18,1280,1,0,1,231
107,1788,0,0,0,70
33,1147,1,0,0,0
30,1594,1,0,1,0
8,1039,0,0,0,207
35,1701,1,1,0,0
75,1588,1,0,0,562
105,1130,1,0,0,0
47,1478,0,1,0,98
77,1308,1,0,0,0
29,1941,1,1,0,0
131,1617,0,0,0,0
49,2155,1,1,0,0
65,1026,0,1,1,44
128,1939,1,0,0,121
28,2004,1,0,1,0
28,1502,1,0,1,47
98,1262,1,0,0,0
108,1170,0,0,0,0
53,1721,0,0,0,0
126,1541,1,0,0,288
113,1219,1,0,0,0
128,1159,1,0,0,27
137,2150,1,1,0,0
15,1708,0,1,0,0
141,1323,1,0,0,0
62,1910,1,0,0,0
52,1467,0,0,0,210
43,1852,1,0,0,15
54,1206,0,0,0,28
67,1436,0,0,1,0
117,1504,1,0,1,127
140,1947,1,1,0,0
107,1451,1,0,0,0
145,2152,1,1,0,0
72,1878,1,0,0,17
28,1326,0,0,0,0
74,1215,0,0,1,0
80,1248,0,1,0,0
141,1320,1,0,0,0
120,1318,0,0,0,0
81,1532,0,0,0,0
133,1224,0,0,0,14
34,2179,1,0,0,0
77,1438,0,0,1,0
92,1479,1,0,0,285
61,1739,1,0,0,0
29,1863,1,0,0,45
139,2143,1,0,0,248
54,1792,1,0,1,0
33,1190,1,0,0,0
84,1126,1,0,0,0
108,1413,1,0,0,118
41,1033,0,0,0,46
40,1871,0,0,0,0
53,1371,0,0,1,0
38,2116,1,0,0,0
76,1325,1,0,0,108
73,2154,1,1,0,16
123,1025,1,0,0,0
139,1081,1,1,1,0
12,1523,1,0,1,0
126,1559,1,0,0,362
108,2031,1,0,1,209
46,1304,1,0,0,0
53,1329,0,0,1,0
14,1031,1,0,1,302
123,2157,0,0,1,0
55,1924,1,0,0,0
33,1167,1,0,0,0
72,1285,0,0,0,0
135,1117,0,0,0,0
143,1924,0,0,0,0
111,2066,1,1,0,0
117,1149,1,1,0,0
20,1051,0,0,1,247
81,1076,0,0,1,0
71,1100,0,0,0,0
41,1997,1,1,0,118
134,1408,1,1,0,0
21,1663,1,0,0,68
23,1313,1,0,0,0
74,1336,0,0,0,0
49,1591,0,0,0,0
1,2024,1,0,0,0
75,1562,1,0,0,0
1,1969,0,1,0,286
88,1487,0,1,0,151
118,1839,1,1,0,14
100,1693,1,0,0,0
114,1435,1,1,1,18
93,1073,0,0,0,0
123,1443,1,0,1,153
62,1797,0,0,0,184
107,1302,0,0,0,0
2,1765,1,1,0,0
100,1155,0,0,0,0
118,1025,1,0,0,0
24,1923,1,0,0,241
132,1248,1,0,0,0
89,1934,0,0,0,0
6,1536,0,0,1,0
46,1665,0,1,0,0
83,1092,1,1,0,0
123,2019,1,0,1,0
89,1862,0,0,0,0
90,1657,1,1,0,0
85,2081,0,0,0,0
126,1739,1,1,1,0
85,1116,1,0,0,44
7,2016,0,1,0,462
44,1377,0,0,0,0
5,1430,1,1,0,0
66,1384,1,0,0,389
93,1792,0,0,0,0
138,1727,1,0,0,0
4,1797,1,1,0,71
79,1778,1,0,0,0
26,1213,1,0,0,22
132,1999,0,0,0,0
84,1380,0,0,0,0
133,1960,1,1,0,0
23,2005,0,0,1,0
15,1365,0,0,1,0
116,1408,1,0,0,0
48,2178,1,0,1,110
31,1937,0,1,0,0
83,1904,1,0,1,0
26,1932,0,0,1,233
33,2013,1,0,0,0
107,1668,0,1,0,202
6,1335,0,0,1,0
6,1171,1,0,0,0
61,1313,1,1,1,0
110,2149,0,0,0,299
3,1649,0,1,0,0
143,2080,0,0,0,0
28,1065,0,1,0,135
77,2179,1,0,0,0
10,1928,1,0,0,0
125,2011,0,0,0,0
1,1401,1,0,0,0
76,1486,1,0,1,0
132,1849,0,0,0,164
8,1130,0,0,0,0
34,1889,1,1,0,0
2,2068,1,0,0,105
21,1391,0,0,0,235
33,1304,1,0,0,0
70,1897,1,0,0,271
25,1085,1,0,0,0
46,1481,1,0,0,246
128,1900,1,1,1,86
114,1381,0,0,0,0
64,1441,0,0,0,281
59,2070,0,1,0,0
3,1212,1,1,0,143
81,1339,1,0,0,0
63,1228,0,0,0,0
126,1423,0,0,0,0
79,1424,0,0,0,45
17,1230,0,1,0,0
19,1380,1,0,1,0
5,2109,1,0,0,0
81,1534,1,0,1,0
50,2008,1,1,0,0
126,1668,0,1,1,229
70,1923,1,1,1,298
56,1304,1,0,1,0
144,1606,0,0,0,0
137,1242,0,1,1,0
42,1276,1,0,0,0
24,1894,0,1,0,0
124,1020,0,1,0,189
120,1398,0,0,0,0
43,1053,1,1,0,0
111,1686,0,1,0,330
108,1460,1,1,0,0
106,1087,1,0,1,37
1,1953,1,0,0,160
134,1699,1,0,0,16
44,1598,1,0,0,143
98,1486,1,0,0,0
62,1203,0,0,0,0
39,1873,1,0,0,0
90,1964,0,0,0,0
82,1158,1,1,0,232
98,1079,1,1,1,124
82,2064,0,1,0,0
119,1244,0,0,0,0
46,1060,1,0,0,0
104,1482,0,0,1,109
30,1182,1,0,0,0
133,1660,1,0,0,0
32,1470,1,0,0,0
95,2160,1,0,1,37
10,1622,1,0,0,158
48,1960,1,0,0,0
54,2088,0,0,1,0
60,1336,1,0,1,0
74,1232,1,0,0,0
16,1724,1,0,0,279
84,1982,1,0,1,0
93,1561,1,0,0,26
126,2057,0,0,0,0
3,1916,1,0,0,58
8,1356,1,1,0,0
32,1181,0,0,0,251
86,1473,0,0,0,0
85,1236,1,1,0,22
97,1068,0,0,0,0
71,1185,1,0,0,0
44,1019,0,0,0,0
34,1170,1,0,0,0
144,1080,0,0,0,33
79,1188,0,1,0,0
106,1783,0,0,1,0
57,1789,1,1,0,163
108,1292,1,0,0,276
66,1189,0,0,0,211
138,1678,1,0,0,0
49,1037,0,0,1,0
100,2091,0,1,1,0
73,1245,1,1,0,0
23,2040,1,1,0,342
81,1357,0,0,0,0
18,1570,1,0,0,150
127,1122,1,1,0,0
144,2100,1,1,1,11
17,1349,1,0,1,0
41,1437,1,1,0,0
140,1693,1,1,0,0
115,1280,1,1,0,199
99,2084,0,0,0,0
35,1267,0,0,0,0
5,2111,1,0,0,0
13,2019,0,0,0,0
118,1744,1,0,0,0
12,1702,0,1,0,0
19,1481,1,0,0,257
14,1709,0,0,0,0
89,2197,0,0,0,95
134,1915,1,0,0,0
74,1609,0,0,0,0
58,2172,0,0,0,0
88,1434,0,0,0,8
130,1665,1,0,0,0
35,2092,1,1,1,0
130,1145,0,1,0,0
16,1921,1,0,0,0
64,1305,0,1,0,67
100,1785,1,0,0,0
122,1880,1,0,0,121
36,2059,1,0,0,0
25,1977,1,0,1,0
80,2077,0,0,0,42
12,1137,1,0,0,0
94,1432,1,1,0,0
28,1236,0,0,0,40
13,1513,0,0,0,0
104,1743,1,0,0,0
1,1094,0,0,0,503
138,2047,1,0,0,0
34,2148,1,0,0,0
64,1208,0,0,0,0
86,1300,1,0,0,186
26,1579,1,0,1,0
49,1496,1,0,0,0
55,1106,0,0,0,0
133,1541,1,0,0,271
5,1359,1,0,1,0
47,1677,1,0,0,0
43,1072,1,0,0,0
53,1233,0,0,0,0
23,1723,0,0,0,0
118,1171,1,0,0,0
135,1198,0,0,0,0
75,2086,1,0,1,416
33,1805,0,1,1,0
101,1867,1,0,1,0
54,1935,0,0,1,0
82,1587,0,0,0,181
27,1124,0,0,0,255
18,1676,0,0,1,49
31,1647,0,1,0,198
73,2052,1,1,0,0
71,1728,0,0,0,0
6,2086,1,1,0,271
11,1807,1,1,0,57
49,1301,0,1,1,0
11,1492,1,0,1,0
118,1948,1,0,0,0
52,1016,1,0,1,0
57,2028,1,1,0,566
33,1762,1,1,0,0
21,1911,0,0,0,0
43,2133,1,1,0,214
105,2023,0,0,1,0
80,1108,1,0,1,84
62,1795,1,0,0,0
84,1779,1,1,0,96
83,1277,1,0,1,73
4,1827,0,0,0,0
84,1173,0,0,0,0
80,1643,1,0,0,574
49,1624,1,0,0,69
50,1954,0,0,0,0
108,2089,1,0,0,0
60,1388,1,1,0,0
82,1610,1,0,0,0
137,2025,0,0,0,102
122,2193,0,1,0,65
77,1516,1,0,0,0
36,1567,0,0,0,39
93,1376,1,0,1,0
46,1561,1,0,0,8
27,2149,0,0,0,339
4,1160,1,0,0,73
13,1651,0,0,0,0
122,1106,1,0,0,0
99,1698,0,0,0,0
39,1074,1,0,0,0
132,1960,0,1,0,0
133,1834,1,0,0,0
61,1334,0,1,0,182
43,1106,0,0,0,0
6,2121,1,0,0,0
134,1902,0,0,0,0
21,2156,0,0,0,0
120,2095,1,0,0,0
84,1939,0,0,0,141
60,1933,1,1,0,0
9,1078,0,1,0,0
108,1401,0,1,0,0
142,2065,0,0,0,0
111,1636,1,0,0,143
143,1367,0,0,0,71
114,1941,0,0,0,0
26,1849,0,1,0,191
114,2004,1,0,0,0
127,1236,0,0,1,42
96,1767,1,1,0,39
55,1010,0,1,0,0
143,1274,1,1,0,223
102,2067,0,0,0,66
62,1589,1,0,0,0
27,1621,1,0,0,597
101,1697,1,1,0,0
101,1745,1,1,0,0
145,1031,0,1,0,275
93,1338,1,0,0,219
81,1555,0,0,0,0
75,1676,1,0,0,93
18,1874,0,0,0,53
131,1187,1,0,0,0
104,1148,1,1,0,0
76,1295,1,1,0,14
26,1679,0,0,1,0
61,1236,0,1,1,12
14,2085,1,1,0,0
21,1743,1,1,0,0
125,1792,0,0,0,0
42,1401,0,0,1,0
81,1872,0,1,0,0
66,1916,1,0,0,428
61,2121,1,1,0,0
47,1787,1,0,0,0
110,1057,1,0,0,0
6,1071,0,0,1,126
3,1471,0,1,1,144
133,1962,1,1,0,0
107,1949,0,1,1,0
125,2151,0,0,1,0
58,1950,1,0,1,0
32,1841,0,0,0,152
21,1739,1,1,0,0
12,1265,1,0,0,0
99,2172,1,0,0,0
109,1567,0,0,1,54
73,1457,1,0,0,0
105,1797,0,0,0,167
54,1530,1,0,0,185
94,2168,0,0,0,0
130,1555,1,1,0,0
68,1742,1,0,1,0
73,1978,0,0,1,247
83,1715,0,0,0,228
91,1796,0,0,0,0
1,1087,0,0,0,89
116,2159,1,0,0,0
52,1172,1,1,0,0
12,1297,0,0,0,181
59,2047,1,1,0,0
106,1545,0,1,1,215
88,1453,1,0,1,0
23,1998,1,1,1,0
136,1151,0,0,0,0
41,1056,1,0,1,0
47,1754,1,0,0,0
6,1256,1,1,1,0
33,1385,1,0,1,0
16,1009,1,1,1,0
18,1207,1,0,0,0
14,1050,1,1,0,95
72,1596,1,0,0,219
21,1079,1,0,0,45
106,1409,1,0,0,288
69,1261,0,0,0,0
13,2061,1,0,0,0
41,1922,1,1,0,0
54,2116,1,0,0,0
142,1739,0,1,0,0
97,1179,0,1,1,344
62,1267,1,0,0,0
104,1642,0,0,0,189
63,1127,0,0,0,233
103,1775,1,0,0,0
109,1307,1,0,0,0
100,1182,0,0,0,0
63,1720,1,0,1,233
44,2038,0,0,0,0
100,1609,0,0,0,0
140,1965,0,0,0,34
42,1054,0,0,0,0
140,1862,1,0,0,0
88,2113,1,0,0,0
121,2169,1,0,0,0
78,1587,1,1,0,47
73,1016,1,0,0,0
22,1689,1,0,1,78
68,1242,1,0,0,0
90,1555,1,1,0,0
46,1939,0,0,0,158
67,1764,0,1,0,0
81,1178,0,0,0,0
18,1809,1,0,0,0
132,1486,1,0,0,0
54,1468,1,0,1,0
114,1971,0,0,0,0
30,1382,1,0,0,0
85,1122,1,0,0,0
85,2028,0,0,1,432
137,1681,0,1,0,62
41,2132,1,1,0,0
61,1834,1,0,0,0
91,1577,0,0,0,110
54,1252,1,0,0,53
134,1124,0,1,0,248
81,1712,1,1,0,82
135,1197,0,0,1,0
39,1929,0,0,0,0
56,2062,0,1,0,352
16,1896,1,1,0,0
97,2036,1,1,0,116
22,1895,1,1,0,360
141,1995,0,1,0,44
48,1155,0,1,0,0
63,1993,1,0,1,0
141,1766,1,0,0,189
135,1928,0,0,0,0
59,1223,0,1,0,0
41,1963,0,0,0,0
14,1833,1,1,0,0
61,2091,0,0,1,0
56,1138,1,1,0,0
36,1159,1,1,1,12
37,2049,1,0,0,203
35,1983,0,0,0,0
86,2195,1,1,0,0
13,1549,1,0,0,0
2,2167,1,0,0,0
10,1547,0,1,0,0
96,1014,1,0,0,265
97,1124,1,0,1,502
41,1576,0,0,0,22
51,1708,0,1,0,0
96,1480,1,0,0,0
4,1419,1,0,0,0
133,1036,0,1,0,0
109,1208,1,0,0,0
36,2012,1,0,0,202
8,1355,0,0,0,0
13,1088,1,0,0,51
44,1723,0,0,0,0
53,1009,1,1,0,0
11,1961,0,1,0,0
98,1993,0,1,0,0
128,1846,0,0,0,0
16,1875,0,0,0,0
126,1081,0,1,0,0
97,2078,1,1,0,0
105,1893,1,0,1,0
81,1490,1,0,0,0
134,1763,1,0,0,0
143,1763,0,0,0,0
130,2102,1,0,0,0
140,1028,1,0,1,143
40,1442,1,1,1,78
64,1727,1,0,1,0
70,1597,1,0,1,0
138,1260,1,0,1,0
109,1654,1,1,0,43
13,2195,1,0,0,0
122,1291,1,0,0,0
23,1769,0,0,0,143
103,1880,1,0,0,54
130,1780,1,0,0,0
47,1658,0,1,0,0
94,1483,1,0,0,65
2,1239,0,0,0,207
142,1470,1,0,0,0
104,1731,1,0,0,49
65,1600,0,1,0,323
29,2194,1,0,0,0
105,2182,1,1,0,0
65,1172,1,0,0,0
140,1290,1,0,0,0
134,1403,1,0,0,14
51,1154,0,1,0,193
11,1653,0,0,0,0
27,1551,0,1,0,0
73,1870,1,0,0,41
6,1186,1,0,0,0
34,2097,1,0,0,0
29,1576,1,0,1,44
121,1625,1,0,0,0
143,1546,1,0,0,0
37,1268,0,0,0,238
124,2162,1,0,0,0
128,2030,1,0,0,0
97,1547,0,0,1,0
10,1427,0,0,0,120
1,1458,1,0,0,496
33,1307,0,1,0,0
128,2198,0,0,0,234
67,2119,1,0,0,0
69,1239,1,0,0,207
117,1491,1,0,0,0
20,1235,1,1,0,0
58,1072,1,0,1,0
8,1683,1,0,0,264
101,2072,0,1,0,95
97,1251,0,0,0,0
5,1670,0,0,0,0
90,1848,0,0,0,409
26,2005,1,1,1,0
59,1056,1,1,0,0
132,1640,1,0,0,0
136,1289,1,0,0,168
6,1496,1,1,0,0
112,1211,1,0,0,10
15,1937,1,0,0,0
12,1549,1,0,0,0
141,1787,1,0,0,0
54,1459,0,0,0,76
4,1659,1,1,0,0
86,2025,1,0,0,74
68,2185,1,1,0,144
62,1195,0,1,0,168
134,2026,1,0,0,0
62,1487,1,0,1,289
98,1443,1,0,1,173
56,1164,1,0,1,0
141,1105,1,0,0,0
136,2056,0,0,0,0
112,1599,1,0,0,29
92,1404,1,0,0,0
65,1272,1,0,0,454
7,1525,1,1,0,483
134,2009,1,1,1,0
82,1105,1,1,0,0
45,1184,0,0,0,0
115,1117,0,0,0,0
124,1764,0,0,0,0
84,1688,1,1,0,0
136,1199,0,1,0,258
110,1018,0,0,0,72
83,1540,1,0,0,0
89,1695,0,0,0,0
141,2184,0,0,1,0
123,1400,1,1,0,0
103,1374,1,0,0,0
40,1351,0,0,0,25
102,1091,1,0,0,298
59,2097,0,0,0,0
52,1487,0,0,0,121
23,1743,1,0,0,0
72,1306,0,1,1,0
60,2148,0,1,0,0
48,1873,1,0,0,0
2,1515,0,1,1,0
20,1581,1,0,0,0
66,1528,1,0,0,580
74,1739,0,1,1,0
38,1371,0,1,0,0
59,1508,1,1,0,424
99,1380,0,0,0,0
71,1146,0,0,0,0
73,1467,1,0,1,237
61,1501,1,1,0,96
48,1709,0,0,0,0
19,2200,0,0,0,0
97,2198,0,1,0,61
83,1676,1,1,1,57
119,1671,0,0,1,0
125,1313,0,0,0,0
20,1211,1,1,0,17
6,2092,1,0,0,0
24,1380,0,0,1,0
109,1056,0,1,0,0
36,1944,0,0,0,58
103,1489,0,0,0,39
65,1270,0,1,0,0
130,1713,1,1,0,0
113,1415,0,0,0,0
86,2159,0,0,0,0
42,1634,0,1,0,0
21,1829,1,0,0,42
47,1007,1,0,1,189
75,1816,0,0,1,0
57,1850,1,1,0,102
103,2081,1,1,1,0
57,1127,0,0,0,187
105,1196,0,0,0,474
93,1148,1,0,0,0
27,2128,1,0,0,159
98,1860,0,1,0,0
30,2096,0,0,1,196
85,1442,1,0,1,17
61,2138,0,1,1,250
136,2073,1,0,0,0
117,1751,1,0,0,0
67,1983,1,0,1,0
59,2028,1,0,0,349
43,1508,1,0,0,63
78,1101,0,0,0,0
90,1294,1,1,0,52
83,2130,1,0,1,88
30,1799,1,0,0,0
115,1954,0,0,0,0
109,1683,0,0,0,201
122,1408,1,0,0,0
43,1044,1,1,1,279
17,2130,0,0,0,75
84,1911,1,0,0,0
78,1981,0,1,0,203
135,1114,1,0,0,18
43,1003,0,0,0,0
6,1505,1,0,0,0
83,1105,1,1,0,0
58,1350,0,1,0,0
48,1207,1,0,0,0
10,1549,1,1,0,0
91,1006,1,0,1,224
58,1836,0,0,1,47
32,2177,1,0,0,0
112,2156,1,0,0,0
127,1380,1,0,0,0
98,2176,1,1,0,0
14,1827,0,0,0,0
18,1842,1,1,0,0
48,1253,1,0,1,163
98,1944,1,0,0,18
106,1879,0,1,0,116
101,1265,0,0,1,0
7,1285,1,0,1,0
16,1538,0,0,0,20
2,1108,1,1,1,129
54,1408,0,1,0,0
42,2031,1,0,0,297
90,1737,1,1,0,0
117,1823,0,1,0,0
139,2096,1,0,0,177
144,2117,1,1,0,0
12,1119,1,0,0,210
61,1235,1,0,0,0
75,1841,0,0,1,172
79,1272,1,1,0,295
28,1998,0,1,0,0
135,1293,0,0,0,0
68,1715,1,0,1,232
1,2156,1,0,0,0
42,1971,1,0,0,0
136,1183,1,0,0,0
80,1703,1,1,0,0
74,1571,1,0,0,0
35,1645,0,0,0,134
24,1593,1,0,1,518
91,1969,1,0,0,230
32,2006,1,0,1,79
88,1337,1,1,0,0
109,1012,0,1,0,0
129,1298,0,0,0,0
17,1474,1,0,0,0
88,1768,0,1,1,0
99,1904,1,0,1,0
11,1062,0,0,0,349
96,1602,1,0,0,0
5,1611,1,1,0,0
91,1509,0,0,0,76
6,1595,1,1,1,200
143,1897,1,0,0,161
94,2112,1,1,0,131
128,2135,0,1,0,0
55,1278,1,1,0,0
85,1605,1,0,0,72
82,1690,1,0,0,0
45,1103,1,0,0,0
17,2059,1,0,1,0
121,2080,1,1,0,0
22,1291,0,1,0,0
140,1418,1,1,0,0
75,1297,1,0,0,99
43,1402,0,0,0,0
135,2003,1,0,0,158
120,1254,0,0,0,0
30,1931,1,1,0,0
14,1513,1,0,0,0
74,1803,0,0,0,120
45,1792,1,1,0,0
143,1218,0,0,1,0
129,1533,1,0,1,0
63,1704,0,0,0,0
105,1518,0,1,1,0
92,2122,1,1,0,0
128,1829,1,0,0,72
131,1603,1,0,0,381
109,1066,0,0,0,22
67,2037,1,1,0,0
133,1032,1,0,1,260
4,1548,0,0,0,0
107,1014,0,1,0,383
110,1582,1,0,1,0
80,1125,0,0,0,0
11,1760,1,0,0,0
77,1776,1,0,1,265
59,2131,0,0,0,0
33,1663,1,1,0,37
99,2034,0,0,0,0
16,1475,1,1,0,0
73,1007,0,0,0,61
86,1453,1,0,1,0
46,1470,1,1,1,0
99,2046,1,0,1,0
81,2070,1,0,0,0
77,1999,1,1,1,0
58,1709,0,1,1,0
34,1960,1,0,0,0
24,2111,1,1,0,0
11,1600,1,1,0,183
29,1105,0,0,0,0
121,1156,0,0,0,0
114,1331,0,0,1,65
95,2111,0,1,0,0
125,1110,1,0,0,0
69,1543,1,1,1,0
57,1794,1,0,0,0
26,2016,1,0,0,141
73,1828,1,0,0,10
59,1019,0,1,0,0
29,1617,1,0,1,0
19,1191,0,0,0,27
132,1352,0,1,0,0
13,1871,1,0,0,0
23,1601,1,0,1,0
33,1616,1,0,1,0
145,1066,0,0,0,52
66,2180,0,0,1,0
5,1134,1,0,0,276
18,1324,1,0,1,142
28,2011,1,0,0,0
30,1461,1,1,0,144
20,1816,1,0,1,0
107,1770,0,0,0,0
115,1282,1,0,0,0
17,1530,1,0,0,313
7,1368,1,0,0,0
73,1060,0,0,0,0
66,1504,1,0,0,45
49,1450,1,0,0,0
115,2146,0,1,0,0
82,1499,1,1,0,0
130,1798,1,0,1,0
73,2026,0,0,0,0
32,1848,1,0,0,341
2,1917,1,0,0,0
101,1418,0,1,0,0
131,1022,1,0,0,12
66,1833,1,0,0,0
100,1641,1,0,0,0
46,1685,1,0,0,281
44,1726,1,0,0,0
116,1039,0,0,0,287
79,1392,0,0,0,0
20,1177,1,0,0,0
98,1875,1,1,1,0
15,1546,1,0,0,0
9,1403,1,0,0,60
105,2113,0,1,1,0
73,1879,0,1,1,229
145,1516,0,0,0,0
1,1712,0,0,1,314
42,1522,1,0,0,0
1,1711,1,0,1,309
19,1943,1,0,0,0
73,2102,1,0,0,0
67,2093,1,0,0,0
12,1397,1,1,0,230
93,1547,0,0,0,0
99,1417,0,0,0,0
50,2144,0,1,0,0
84,1554,1,1,1,392
81,1679,1,0,0,0
102,1928,1,0,0,0
88,1260,0,0,0,0
49,1592,1,0,0,0
54,1147,1,0,0,0
56,2160,1,1,0,75
93,1886,1,0,0,0
53,1814,0,1,0,0
6,1977,0,1,0,0
63,1069,0,0,0,180
63,1947,0,0,1,0
96,2019,0,0,0,0
39,1915,0,1,0,0
42,1442,1,0,0,75
123,1643,1,0,0,227
101,2025,1,0,0,89
100,1120,1,1,0,0
24,1405,0,0,0,67
111,1115,1,0,0,0
96,1589,1,0,1,0
23,2081,0,0,0,0
85,1072,0,1,0,0
109,1672,1,1,1,0
66,1607,0,0,1,0
132,1214,0,0,0,0
117,1221,1,0,1,0
41,1868,0,1,0,0
105,1733,1,0,1,0
89,1421,1,1,0,0
69,1330,1,0,1,0
96,1074,1,0,0,0
81,1347,1,0,0,0
118,1504,0,0,0,119
123,1089,0,0,1,0
45,2086,1,0,0,298
131,1186,1,0,0,0
90,1071,1,0,0,318
43,1100,1,0,0,0
91,2063,0,0,0,0
83,1307,1,0,0,0
100,1395,0,0,0,0
136,1107,0,0,0,65
3,2191,1,0,1,0
136,1814,1,0,1,0
140,1948,0,0,0,0
67,1684,1,1,1,141
63,1828,1,0,0,4
80,2102,1,1,0,0
123,1239,1,0,1,252
33,1594,1,0,0,0
113,2114,0,0,0,271
105,1358,1,1,1,188
25,1270,0,0,0,0
109,1771,1,0,0,403
95,1489,1,0,0,33
118,1145,1,0,0,0
21,2151,0,0,0,0
136,1775,0,0,1,0
66,1049,1,1,0,45
25,1428,0,0,0,0
117,1157,1,0,1,0
4,1639,1,0,0,0
81,1482,0,0,0,154
29,1867,1,0,0,0
68,1396,1,0,0,171
145,2146,1,0,0,0
41,1467,0,1,0,401
21,2081,0,0,0,0
145,1819,0,0,0,362
142,2196,0,0,0,0
144,2085,1,0,1,0
104,1369,0,1,0,0
15,1124,0,0,0,469
137,2087,0,1,0,168
116,2185,0,0,0,532
41,1440,0,0,0,0
79,2056,0,0,0,0
128,2174,1,0,0,0
80,1460,1,0,0,0
143,1124,1,0,0,385
27,1263,1,0,0,0
126,1844,0,0,0,0
14,1046,1,0,0,0
136,1665,1,0,1,0
68,2038,0,0,0,0
133,1790,1,0,0,191
13,1003,0,0,0,0
119,1221,1,0,1,0
101,1573,0,0,0,0
30,1513,0,0,0,0
112,2110,1,1,0,215
58,1658,0,0,0,0
116,1734,0,0,0,0
37,1841,1,1,0,164
42,2158,1,0,0,65
72,1624,1,1,0,172
114,1665,0,0,0,0
89,2027,0,1,0,0
24,2142,1,0,0,333
110,2056,1,0,0,0
10,1462,0,1,0,0
26,1041,1,0,1,0
93,1435,1,0,0,146
47,2157,1,0,0,0
62,2140,1,0,0,74
37,1290,1,0,1,0
86,2160,0,1,0,66
19,1827,1,0,0,0
95,1753,0,1,0,0
90,1282,0,0,1,0
27,1203,0,0,0,0
18,1837,1,0,0,0
37,1121,0,1,0,174
81,1016,1,1,0,0
78,1038,0,0,0,108
58,2129,1,1,1,41
32,1633,1,0,0,0
125,1274,0,0,0,345
102,1276,1,0,1,0
110,1583,1,0,0,23
114,1214,1,0,0,0
100,1977,1,0,0,0
35,1661,1,1,0,146
94,1019,0,0,1,0
133,1006,0,0,0,154
112,1052,1,1,0,0
52,1498,1,0,0,193
118,1405,1,0,0,67
55,1631,1,0,0,325
50,1417,1,0,0,0
122,1415,0,0,0,0
69,1227,1,0,1,0
41,1704,0,1,0,0
88,1985,0,0,0,0
70,1570,0,0,0,361
10,1980,1,0,0,216
23,1542,1,1,0,0
2,1617,1,1,0,0
76,2115,1,0,0,296
90,1914,1,0,0,238
64,1451,0,0,1,0
42,1201,0,1,0,0
41,1052,1,0,0,0
76,1159,0,0,1,19
17,1102,1,1,0,189
20,1355,1,0,0,0
69,1705,0,0,0,0
66,1918,0,0,0,182
56,1588,1,1,0,627
1,1643,0,0,0,290
60,1484,0,0,0,0
41,1719,0,0,0,0
17,1651,0,0,0,0
91,1335,1,0,0,0
45,2058,1,1,1,0
58,1701,1,1,0,0
46,1908,1,0,0,0
30,1865,0,0,0,0
10,1013,0,0,0,0
34,1655,0,0,0,0
28,1026,1,0,0,49
17,2175,1,1,1,0
4,1472,1,0,0,119
92,2164,0,1,1,0
110,1282,1,0,0,0
3,1974,1,1,1,0
123,1448,0,0,0,0
107,1456,0,0,0,210
144,1164,1,0,0,0
83,1608,1,0,0,390
6,1782,0,1,0,0
111,2110,0,0,0,266
44,1222,0,0,0,0
88,1032,1,0,0,234
100,2115,0,0,0,229
62,1227,1,0,0,0
7,1852,0,0,0,18
109,2101,1,0,1,110
25,1435,1,0,0,59
28,1023,0,0,0,0
60,1942,1,0,0,0
145,1607,1,0,1,0
142,1706,1,1,0,0
44,1626,1,0,1,0
86,1350,0,1,0,0
134,1261,0,0,0,0
15,1282,0,0,0,0
65,1456,1,1,0,290
82,1456,1,0,0,229
39,2026,1,1,0,0
28,1623,0,1,0,0
109,1370,1,0,0,0
57,1652,1,0,1,0
8,1869,1,0,0,0
72,1836,1,0,0,76
133,1647,1,1,1,96
118,1133,1,0,0,0
118,1475,1,0,0,0
72,1325,1,0,0,265
85,1493,1,0,1,0
70,2145,0,0,0,0
130,1463,0,1,0,74
75,1429,1,0,0,21
23,1599,1,0,0,61
70,1089,1,0,0,0
107,1830,0,1,0,0
55,2074,1,1,0,0
12,1269,1,1,1,0
12,1925,1,0,1,0
13,1874,0,0,1,123
43,1414,0,1,0,0
39,1154,1,0,1,237
36,1020,1,0,0,358
81,1366,0,0,0,152
56,2023,1,0,1,0
142,1836,1,0,0,152
45,1530,0,0,0,257
120,2056,0,0,1,0
77,1837,1,0,0,0
68,1337,0,1,0,0
22,2108,0,1,0,30
116,1335,0,0,0,0
29,1480,1,0,1,0
49,1947,1,1,1,0
1,1057,1,0,0,0
39,2039,0,1,0,0
128,2089,0,1,0,0
140,2128,1,1,0,255
40,1441,1,0,0,206
7,1376,1,0,1,0
105,2026,0,0,0,0
12,1437,1,0,0,0
145,2079,0,0,0,0
134,1473,1,0,0,0
103,1286,1,0,1,209
27,1894,1,1,0,0
126,1284,1,0,1,0
27,1629,0,0,1,0
93,1549,0,0,0,0
112,1306,1,0,0,0
29,1601,0,1,0,0
10,1228,1,1,0,0
140,1506,1,0,0,0
25,1365,1,1,0,0
9,2172,0,0,0,0
10,1289,0,0,0,82
109,1560,0,0,0,0
29,2149,1,1,0,445
54,1486,0,1,0,0
131,1273,1,1,0,0
60,1584,1,0,0,385
105,1217,1,0,0,179
19,1449,1,0,0,562
26,1362,1,0,0,0
76,1666,0,0,0,0
121,1808,0,1,0,121
33,1117,1,0,1,0
45,1240,0,0,0,0
82,2140,0,0,0,24
38,1070,0,0,0,0
36,2098,0,0,0,32
144,2182,1,1,0,0
52,1312,0,1,0,128
5,1130,1,0,0,0
129,1640,1,1,0,0
68,1718,1,1,0,0
31,1822,0,0,1,63
13,1652,1,0,0,0
34,2177,1,0,0,0
21,2061,0,1,0,0
129,1214,0,0,1,0
39,1530,1,0,0,105
73,1753,1,0,0,0
83,1673,0,0,1,0
15,1667,0,0,0,292
63,1750,1,0,0,0
40,1531,1,0,0,0
74,1788,0,0,0,68
60,1780,1,0,0,0
28,1169,0,1,0,0
32,1725,1,1,1,117
134,2024,0,0,0,0
29,2095,0,1,0,0
120,1327,0,0,0,0
52,1711,0,1,0,197
16,1202,0,1,0,0
66,1007,1,0,1,35
50,1212,0,1,0,100
4,1281,0,0,0,0
130,1547,1,0,1,0
141,2111,1,1,0,0
123,1076,0,1,1,0
62,1003,1,0,0,0
57,1326,1,0,0,0
124,2166,1,1,0,0
88,1530,1,1,0,211
53,1555,0,0,0,0
126,1409,0,1,0,345
38,1844,1,0,1,0
7,1007,1,0,0,241
25,1518,1,1,1,0
67,1236,0,0,1,16
78,1390,0,0,0,86
139,1151,1,1,0,0
101,1403,0,0,0,44
46,1343,1,1,0,497
129,1757,1,0,1,267
94,1022,1,0,0,37
44,1502,1,1,1,176
113,1830,1,0,0,0
84,1519,0,0,1,0
131,2069,1,0,0,33
95,1205,1,1,0,138
142,2089,1,1,0,0
55,1234,0,0,0,591
103,2159,0,0,0,0
45,1252,0,1,0,52
128,1038,1,0,0,241
77,1897,1,1,0,53
40,1408,1,0,0,0
89,1057,1,0,0,0
145,1297,1,0,0,31
119,1243,1,0,0,0
25,2079,1,1,0,0
81,1889,0,1,0,0
105,1714,1,1,0,0
136,1074,1,1,1,0
138,1524,1,0,0,429
118,1593,1,0,0,343
107,1099,1,1,0,0
94,1901,1,1,0,0
77,1363,1,1,0,98
135,1236,1,0,0,22
145,1307,1,0,0,0
45,1178,1,1,0,0
85,1325,0,1,1,195
64,1135,1,1,0,0
135,1933,0,1,0,0
144,1765,1,0,0,0
45,1488,0,1,0,0
1,2080,0,0,0,0
5,1770,1,0,0,0
12,2111,1,0,1,0
36,2127,0,0,1,0
136,1862,1,0,0,0
63,2019,1,1,0,0
45,1202,1,0,1,0
28,2110,1,0,0,113
36,1719,1,1,0,0
113,1646,0,1,0,0
134,1752,1,0,0,64
105,1214,1,0,0,0
120,1467,0,1,0,298
43,1058,1,1,0,67
49,1980,1,0,0,378
1,1300,1,0,0,130
109,1013,1,0,0,0
107,1687,0,0,0,0
116,1232,1,0,0,0
69,1486,1,0,0,0
59,1203,1,0,1,0
72,1884,1,0,1,360
29,2143,1,0,0,424
115,1213,1,0,0,86
58,1906,1,1,0,55
104,1371,1,0,0,0
78,2138,1,0,0,210
48,1541,1,0,1,280
134,2108,0,1,0,24
78,1571,1,0,0,0
51,2125,0,1,1,0
72,1496,1,1,0,0
80,1753,1,0,1,0
45,1691,0,0,0,43
120,1169,0,0,0,0
143,1935,0,0,0,0
54,2119,1,0,0,0
139,1132,0,0,0,272
69,1247,1,0,0,0
52,1761,0,0,0,252
76,1564,0,0,0,0
117,1950,0,0,0,0
27,1230,0,0,0,0
24,1425,1,0,0,0
5,1141,1,0,0,254
25,1881,0,0,0,0
8,2064,1,0,0,0
27,1982,1,1,0,0
122,2181,0,0,0,180
79,1135,1,1,0,0
78,2101,0,1,1,186
4,1137,1,0,0,0
100,1321,1,1,0,44
121,1247,0,0,1,0
72,1511,0,1,0,188
86,2178,0,1,0,223
108,1726,1,0,1,0
113,2093,1,1,1,0
45,2044,0,0,0,87
73,1696,0,0,1,23
52,1356,0,0,0,0
62,1378,1,0,0,0
2,1587,1,1,1,114
87,1432,1,0,0,0
2,1509,1,1,0,382
71,2109,0,0,0,0
143,1252,1,1,0,47
52,1802,0,0,0,244
70,1892,0,0,0,0
65,2121,0,0,1,0
83,1650,1,0,0,347
127,1371,0,0,0,0
104,1077,0,0,0,42
79,1855,1,0,1,0
133,1340,1,0,0,0
77,2162,1,0,0,0
37,1971,0,0,0,0
9,1807,1,0,1,25
63,1855,1,0,0,0
3,2180,1,1,0,0
109,1616,1,1,0,0
66,1050,1,0,0,42
59,1631,1,1,0,407
93,1251,0,0,0,0
141,2027,0,0,0,0
101,1141,0,1,1,140
118,1152,1,1,0,0
76,1452,1,0,0,0
139,1039,1,0,0,199
77,1252,1,1,0,55
50,2173,0,0,0,269
76,1338,1,0,1,150
87,1381,0,0,1,0
134,1384,0,0,1,350
127,1548,1,0,1,0
69,1374,1,1,0,0
144,1970,0,0,0,66
145,1037,0,0,0,0
138,2124,0,0,0,0
116,1898,0,0,0,139
10,1352,1,0,0,0
53,1950,1,0,0,0
46,1779,1,1,1,145
42,1630,1,0,0,0
81,1519,1,1,1,0
51,1743,0,0,0,0
59,1433,0,0,0,0
105,2135,1,1,1,0
31,1640,0,0,0,0
95,2101,0,0,1,232
14,2123,1,0,0,0
41,2015,1,0,0,80
39,1484,1,1,0,0
135,1753,0,1,0,0
15,1312,1,0,0,19
143,1220,1,0,1,0
131,1916,0,0,1,425
13,1537,1,0,0,0
82,1278,1,1,1,0
29,1252,1,0,0,53
68,1951,1,0,1,0
98,2065,1,0,0,0
3,1954,0,0,0,0
80,1624,0,1,0,267
105,1857,1,0,0,0
34,1397,1,0,0,127
51,2111,1,0,0,0
58,1590,1,0,0,0
68,1847,0,0,1,0
4,1901,1,0,1,0
135,1628,1,1,0,117
41,2012,1,0,0,195
134,1075,0,0,0,225
30,1636,1,0,0,348
62,1340,1,0,0,0
140,1771,1,0,0,544
120,1043,1,0,0,0
110,1014,0,0,0,246
30,1073,1,0,0,0
7,1292,0,1,0,279
27,1738,0,0,0,23
62,1018,1,0,0,97
81,1253,1,1,0,187
55,1062,0,0,1,160
96,1966,1,0,0,0
50,1903,1,1,1,0
28,1767,0,0,1,266
111,1933,0,0,0,0
85,1594,0,0,0,0
31,1718,0,0,0,0
132,1535,1,1,0,0
69,1155,0,1,0,0
53,1916,1,0,1,121
54,2110,1,0,0,105
7,1338,0,0,0,237
131,1815,0,0,0,0
33,1416,1,1,0,0
69,1544,1,0,0,208
40,1448,0,0,0,0
140,1570,0,0,1,491
90,1863,1,0,1,25
90,1847,1,1,0,0
127,1306,1,1,0,0
110,1473,0,0,0,0
13,1959,1,1,0,0
143,1179,1,1,0,100
93,1573,1,0,0,0
100,1316,1,1,0,48
9,1798,1,0,0,0
91,2161,1,0,0,0
141,1379,1,1,1,0
99,1168,1,0,0,0
78,2026,0,1,1,0
21,1752,1,0,0,33
80,2194,1,0,0,0
61,1747,1,0,0,509
21,1728,1,0,0,0
4,1752,1,0,0,9
110,1867,1,1,0,0
126,1586,1,0,0,384
29,1116,1,0,0,64
58,1124,1,0,0,277
128,1039,1,0,0,224
56,1240,0,0,0,0
80,1072,0,0,0,0
46,1512,0,0,0,222
35,1689,0,0,0,162
76,1903,0,0,1,0
129,2116,1,1,1,0
125,1408,1,0,0,0
114,1981,1,0,0,214
124,1536,0,1,0,0
29,2124,1,0,0,0
33,2104,1,0,0,190
70,1596,0,0,0,334
36,1879,1,0,0,319
42,2100,1,1,1,18
129,1127,1,1,0,32
46,1748,0,1,0,95
36,2122,0,0,0,0
124,1894,1,0,0,0
103,1851,0,1,0,0
60,1808,1,1,0,22
98,1581,1,0,0,0
61,1282,1,1,0,0
125,1602,1,0,0,0
46,1802,1,1,0,408
54,1916,0,1,0,427
49,1157,1,1,0,0
58,2158,0,0,1,148
77,1537,0,0,0,0
66,1323,1,0,0,0
104,1854,0,1,0,168
48,1044,1,1,0,295
120,1290,0,0,0,0
134,2019,1,1,0,0
63,1931,0,0,0,0
50,2019,0,0,0,0
105,1987,0,1,0,0
103,1568,1,0,1,156
46,1920,1,0,0,366
115,1150,1,1,0,312
52,1113,0,0,0,0
144,1990,1,0,1,147
111,1424,0,0,0,290
67,1656,1,0,0,0
59,1725,0,0,0,42
67,1679,1,1,0,0
21,1407,0,0,0,0
102,1840,1,0,0,0
142,1186,1,1,1,0
9,1952,0,0,0,98
137,1389,0,1,0,0
38,1480,0,0,0,0
131,2149,0,0,1,227
71,2102,1,1,0,0
83,2014,0,0,0,0
117,1889,1,1,0,0
35,1835,0,0,1,0
114,1452,0,0,1,0
18,1367,1,0,0,227
36,1521,0,0,1,82
110,1830,1,0,1,0
17,1616,0,0,0,0
46,1876,1,1,0,370
99,1256,1,0,0,0
31,2021,0,0,0,0
79,1226,1,0,0,0
92,1757,0,0,1,280
97,1327,0,0,0,0
125,1828,1,0,0,3
91,1619,0,0,0,0
17,1498,1,1,0,66
35,1272,1,0,0,109
143,1416,1,0,0,0
115,1016,0,1,0,0
68,2032,1,0,0,0
33,1887,0,1,0,0
109,2178,1,1,0,30
2,1061,1,1,0,0
120,2117,1,0,1,0
108,2169,0,1,0,0
113,2059,1,0,1,0
65,1052,1,1,0,0
101,1025,0,0,0,0
122,2010,1,1,0,0
83,1452,1,0,0,0
39,2061,1,0,1,0
55,1180,1,0,0,0
90,1802,1,0,0,180
14,1759,1,0,1,51
110,1291,0,0,0,0
137,2094,1,1,0,77
104,1024,0,0,0,0
81,1592,0,0,1,0
92,1604,1,0,0,66
131,1085,1,0,0,0
54,1933,0,1,1,0
131,1458,0,0,0,141
140,1924,1,0,0,0
1,2047,1,1,0,0
4,2064,1,1,0,0
136,1315,0,1,0,0
89,2117,1,1,0,0
106,2147,0,1,0,0
12,1833,0,0,1,0
112,1349,1,0,0,0
123,1026,1,0,0,8
63,1611,1,0,0,0
96,1601,0,1,0,0
114,2195,1,0,0,0
6,1388,1,0,0,0
106,1645,0,0,1,315
19,1069,0,0,0,97
13,1521,0,0,0,242
94,1406,0,1,0,0
78,1076,1,0,0,0
133,1157,1,0,0,0
130,1470,0,0,0,0
108,1789,1,0,0,419
54,1368,1,0,0,0
59,1810,1,1,0,0
74,1567,1,1,1,42
65,1777,1,1,0,469
82,2112,1,0,0,367
41,1609,0,1,0,0
90,1493,1,0,0,0
54,2107,0,0,0,33
59,1895,1,1,0,401
94,1976,1,0,1,243
4,1974,0,0,0,0
19,2117,1,0,0,0
78,1414,1,0,0,0
97,1193,1,0,1,150
66,1235,0,1,0,0
102,1567,0,1,0,50
65,1710,1,1,1,0
38,2166,1,1,0,0
79,2090,0,0,1,0
111,2011,1,1,0,0
128,1707,0,0,0,0
132,1464,0,0,0,0
112,1921,1,1,0,0
37,1552,1,0,0,0
141,2102,1,0,1,0
121,1312,1,0,0,95
67,1061,0,0,0,0
47,1709,1,0,0,0
105,1906,1,1,0,82
107,1112,0,0,0,157
4,2152,1,0,0,0
39,1743,0,1,1,0
77,1747,1,0,0,64
142,1620,1,1,1,0
71,1977,1,0,0,0
42,1823,1,0,0,0
105,1980,0,0,0,70
93,2075,0,0,0,0
64,1636,1,1,1,129
73,1872,1,0,0,0
129,1652,0,0,0,0
50,1993,0,0,1,0
35,1284,1,0,0,0
109,1796,0,0,0,0
28,2131,1,1,1,0
61,1640,1,0,0,0
87,1761,1,0,1,60
124,2059,1,0,0,0
37,1566,0,1,0,0
112,1357,1,0,1,0
115,1705,1,0,0,0
97,1610,0,1,0,0
30,1755,0,0,1,0
115,1158,1,0,0,348
21,1378,1,0,1,0
115,1486,1,0,0,0
41,1820,1,0,0,0
133,1401,1,1,0,0
99,1556,1,0,0,373
16,1645,0,0,0,410
117,2175,1,1,0,0
124,1695,0,0,0,0
99,1046,1,0,0,0
135,1152,1,0,1,0
145,2177,0,0,1,0
34,1561,1,1,0,14
112,1213,1,0,0,89
145,2025,1,0,1,114
26,1647,1,1,0,111
132,1602,0,1,0,0
58,1158,1,0,0,339
72,1729,0,0,1,104
45,1406,1,0,0,0
73,1588,1,1,0,359
7,1597,0,1,0,0
94,2060,1,0,0,38
134,2010,1,0,0,0
129,1403,0,0,1,63
35,2061,0,0,0,0
118,1684,0,0,0,262
34,1708,0,0,1,0
115,1441,1,1,1,103
119,2070,0,0,0,0
33,1791,0,0,0,72
129,1690,1,0,0,0
144,1336,0,1,1,0
92,1730,0,0,1,0
70,1889,0,0,0,0
8,2080,0,0,0,0
76,1157,0,0,0,0
39,2134,0,0,0,0
23,1302,1,0,1,0
5,1981,1,1,0,136
26,1114,0,0,0,63
121,1219,0,1,0,0
58,1928,1,0,1,0
13,1655,0,1,1,0
41,1263,1,0,0,0
108,1063,1,1,0,0
98,1981,1,1,0,331
40,1976,1,0,0,164
114,2130,1,0,1,51
26,1925,1,0,0,0
115,1591,1,0,0,0
1,1060,1,0,1,0
60,1718,1,0,0,0
97,1451,1,1,0,0
133,1316,0,0,0,287
140,1102,1,0,0,204
27,1524,1,1,0,237
1,1718,0,0,0,0
1,2051,1,0,0,0
138,1963,1,1,0,0
116,2010,0,1,0,0
49,2075,0,0,0,0
125,1409,0,0,0,199
15,1538,1,0,0,45
132,1843,1,1,0,0
29,1050,1,0,0,230
92,1494,0,0,0,637
66,1876,1,1,0,366
138,1849,1,1,0,263
114,1304,0,0,0,0
60,1253,1,1,1,37
104,1950,1,0,0,0
135,1581,0,0,1,0
102,1226,1,0,0,0
99,1708,1,0,0,0
47,1089,0,1,0,0
29,1814,0,0,0,0
115,1058,0,0,0,149
59,2085,0,0,0,0
87,1930,1,1,0,0
112,1802,0,0,0,208
80,1711,1,1,0,50
114,1041,0,1,0,0
133,1965,1,1,0,73
135,1028,1,0,0,94
89,1728,1,0,0,0
81,1753,0,0,0,0
9,1885,1,0,0,0
134,1253,0,0,0,224
5,2149,0,0,0,278
79,1134,1,1,0,487
63,1724,1,0,0,54
135,1662,1,0,0,0
117,2158,1,0,0,97
32,1222,0,1,0,0
132,1660,0,1,0,0
1,2187,0,1,0,0
23,1620,1,0,0,0
103,1153,1,0,0,0
48,1369,1,1,1,0
101,1397,0,0,0,229
117,1456,1,0,0,127
8,1639,1,0,0,0
133,1241,1,1,0,0
106,1533,1,1,0,0
59,1304,1,1,0,0
66,2132,1,1,0,0
28,1927,1,0,0,170
49,1909,1,0,0,0
89,1478,0,1,0,123
32,1399,0,0,0,24
84,1870,1,0,0,52
9,1781,1,0,0,395
55,2037,0,0,0,0
21,1059,1,0,0,32
111,1665,1,1,0,0
63,2034,1,0,0,0
126,1856,1,0,0,0
75,1229,1,1,0,105
24,2010,1,1,1,0
79,1551,0,1,0,0
114,1905,1,0,0,0
104,1572,1,0,0,302
8,1628,1,0,1,200
91,1160,0,0,0,25
85,2025,1,0,1,167
92,1964,0,0,1,0
56,1154,0,0,0,271
3,2021,0,0,0,0
126,2188,0,0,0,461
93,1859,0,0,0,0
80,2192,0,0,0,0
35,1154,0,0,0,378
107,2125,1,0,0,0
140,1006,1,0,0,176
53,1117,1,0,0,0
56,1441,0,0,0,265
52,1975,0,0,0,0
129,1085,1,0,0,0
137,1261,0,0,0,0
77,1304,1,0,0,0
106,2156,1,0,0,0
139,1473,1,0,0,0
63,1960,1,0,0,0
1,1939,1,0,0,25
145,1417,1,0,0,0
4,1194,1,0,0,368
143,1655,0,1,1,0
66,1432,1,1,0,0
7,1644,0,0,0,0
65,1368,1,0,1,0
58,1672,0,1,1,0
39,1617,0,1,0,0
28,1656,1,0,0,0
19,1132,1,0,0,216
23,1798,1,0,0,0
51,2081,0,0,1,0
16,2183,1,0,0,0
57,1501,1,0,0,179
19,1545,1,0,0,144
67,1538,0,0,0,38
62,1330,0,0,1,0
123,2122,1,0,0,0
72,2011,1,1,0,0
57,1633,0,0,0,0
5,1878,0,0,0,64
138,1773,1,0,0,0
119,2159,1,1,0,0
121,2093,1,0,0,0
78,1953,1,1,0,154
137,1026,1,0,0,10
144,1728,0,1,0,0
54,1199,0,0,0,119
100,1014,0,0,0,136
46,1492,1,0,0,0
132,1687,0,0,1,0
117,1668,1,1,1,67
27,1447,0,0,0,0
63,1593,1,0,0,94
109,1746,1,0,1,0
85,1645,0,0,0,301
6,1905,0,0,0,0
68,1695,0,0,0,0
5,1044,0,0,0,145
57,1837,1,0,0,0
48,1212,0,0,0,77
79,1782,1,1,0,0
134,1300,1,0,0,158
12,2183,1,0,0,0
64,1027,0,0,0,0
124,1443,1,0,1,73
30,2118,0,0,0,81
132,1661,0,0,0,268
75,2043,1,0,1,58
96,1348,1,0,0,140
11,1577,1,1,0,366
2,2031,1,1,0,128
139,2119,1,0,0,0
89,1294,0,1,0,156
68,1516,1,0,1,0
124,1019,1,1,0,0
44,1641,1,0,1,0
28,1630,1,0,1,0
61,1833,1,1,0,0
68,1837,0,0,0,0
18,1133,1,0,1,0
93,1570,0,1,0,147
67,1447,1,0,0,0
33,1374,0,0,0,0
5,1592,1,0,0,0
26,1801,0,0,0,0
49,1111,0,1,1,0
69,2161,1,1,0,0
6,1865,0,1,0,0
126,1628,0,1,0,330
2,1556,0,1,0,191
95,2070,1,0,1,0
101,1679,1,0,0,0
89,1551,1,1,0,0
23,1819,0,0,0,59
85,1356,1,0,0,0
23,1368,1,1,0,0
33,2189,1,0,0,0
13,1838,0,0,0,0
97,2002,0,0,0,0
76,1134,1,0,0,304
44,1400,1,1,0,0
90,1767,1,0,0,276
79,1856,1,0,0,0
114,2096,1,0,1,46
4,2147,0,0,0,0
36,1596,0,1,0,294
4,1515,1,0,0,0
96,1543,1,1,0,0
65,1937,1,0,0,0
10,1737,1,0,0,0
26,1003,0,0,0,0
13,2189,1,1,0,0
40,1205,0,0,0,93
88,1645,0,1,0,444
110,1762,0,0,0,0
46,1736,1,1,0,87
6,1823,0,1,0,0
88,1977,1,1,0,0
34,1069,0,1,0,39
92,2014,1,0,0,0
18,2117,1,0,0,0
34,1788,1,0,0,31
102,1066,0,0,1,66
37,1296,0,1,0,0
24,1551,0,0,0,0
121,1040,0,1,0,0
41,1110,1,0,0,0
91,1987,1,0,0,0
3,1101,0,1,0,0
7,1282,0,0,1,0
128,2111,1,1,1,0
106,1169,1,0,0,0
3,1765,1,1,0,0
18,1699,0,1,0,42
83,1142,0,0,0,214
116,1622,1,1,0,20
66,1322,0,1,0,0
34,1639,0,1,0,0
24,1615,1,0,1,125
145,2014,1,0,0,0
101,1764,1,0,0,0
33,2188,0,1,0,95
34,1707,1,1,0,0
87,1898,1,1,0,521
19,1088,1,0,0,231
62,1284,0,0,0,0
124,1227,1,1,0,0
105,1616,1,0,0,0
28,1822,1,0,1,140
85,2179,0,0,1,0
89,1543,1,1,0,0
40,1109,0,0,0,236
95,1714,0,0,0,0
31,1209,1,0,1,467
117,2064,0,0,1,0
119,2067,1,0,0,41
100,1383,1,0,0,24
39,1038,0,0,1,91
63,1186,0,0,0,0
10,1449,1,1,1,167
125,1917,0,1,0,0
134,1847,1,1,1,0
112,1440,1,0,0,0
39,1373,0,0,0,0
34,1624,1,0,1,260
121,1378,1,1,0,0
55,2015,1,0,1,136
25,1304,0,0,1,0
136,1721,1,0,1,0
77,1942,1,0,0,0
1,1817,0,1,1,0
12,2135,1,0,0,0
89,1837,1,1,0,0
119,1890,1,0,0,0
103,1313,0,1,0,0
78,1596,0,0,0,349
29,1157,0,1,1,0
18,2189,1,0,0,0
8,1960,1,1,1,0
73,1848,0,0,0,163
71,2154,1,0,0,12
80,1770,0,0,0,0
21,2040,0,0,0,306
70,2161,0,0,1,0
86,1544,0,0,0,219
25,1623,1,1,0,0
6,1143,0,0,0,0
74,1193,1,0,0,73
25,1801,1,0,0,0
92,1292,0,1,0,164
48,1882,1,1,0,0
75,1166,1,0,0,294
52,1857,1,0,0,0
135,2114,1,0,0,187
18,1844,1,0,0,0
95,1597,0,0,0,0
7,1114,1,1,0,36
135,2062,0,1,0,88
71,1126,1,0,0,0
73,1057,1,1,0,0
21,1267,1,0,0,0
123,1326,0,0,0,0
139,1184,0,1,0,0
60,1240,1,1,0,0
44,1193,1,0,0,60
20,1729,0,0,0,104
28,1161,1,0,0,0
113,1612,0,0,1,0
78,1269,1,1,1,0
80,1821,0,1,0,397
133,2163,1,1,0,0
97,1638,1,0,0,0
70,2071,1,0,1,0
40,1883,0,1,0,0
129,2146,1,0,1,0
135,1137,1,0,0,0
33,1285,0,1,0,0
140,2102,0,0,0,0
90,1404,1,0,0,0
82,1917,0,1,0,0
62,2095,1,1,0,0
89,1730,1,1,1,0
34,1897,1,0,0,244
134,2193,0,0,0,165
69,2130,1,1,0,72
130,1466,0,1,0,0
75,2134,1,0,0,0
