post_id,user_id,content_type,category,duration_sec,created_at
1001,87,image,cooking,0,2026-03-24 16:59:02
1002,142,text,music,0,2026-03-21 09:12:02
1003,22,text,music,0,2026-03-26 06:34:02
1004,36,image,travel,0,2026-03-22 23:43:02
1005,7,video,fashion,288,2026-03-20 20:44:02
1006,91,video,tech,337,2026-03-25 18:15:02
1007,15,video,fashion,242,2026-03-22 01:33:02
1008,14,image,gaming,0,2026-03-24 13:09:02
1009,105,text,tech,0,2026-03-22 10:59:02
1010,128,text,travel,0,2026-03-23 01:22:02
1011,21,image,sports,0,2026-03-22 05:33:02
1012,138,text,tech,0,2026-03-26 18:42:02
1013,26,text,sports,0,2026-03-23 06:20:02
1014,56,video,news,352,2026-03-18 14:25:02
1015,74,text,travel,0,2026-03-28 04:33:02
1016,125,text,science,0,2026-03-24 01:31:02
1017,34,image,art,0,2026-03-27 09:34:02
1018,24,video,cooking,126,2026-03-28 04:08:02
1019,25,text,sports,0,2026-03-24 17:32:02
1020,49,video,fashion,413,2026-03-19 12:21:02
1021,93,image,music,0,2026-03-22 08:15:02
1022,3,video,science,47,2026-03-26 15:13:02
1023,89,text,fashion,0,2026-03-23 08:28:02
1024,70,image,cooking,0,2026-03-30 08:50:02
1025,141,image,music,0,2026-03-18 23:37:02
1026,84,video,fashion,48,2026-03-21 06:59:02
1027,144,image,tech,0,2026-03-30 03:29:02
1028,87,video,science,301,2026-03-23 05:45:02
1029,90,video,tech,574,2026-03-22 11:08:02
1030,2,text,science,0,2026-03-22 10:17:02
1031,144,video,news,481,2026-03-24 15:40:02
1032,114,video,news,412,2026-03-22 10:38:02
1033,66,video,science,96,2026-03-27 06:46:02
1034,34,video,tech,323,2026-03-26 02:08:02
1035,23,image,art,0,2026-03-31 02:04:02
1036,113,text,sports,0,2026-03-23 21:13:02
1037,86,image,news,0,2026-03-25 15:06:02
1038,15,video,music,270,2026-03-27 10:41:02
1039,82,video,news,267,2026-03-28 12:34:02
1040,53,text,cooking,0,2026-03-24 20:49:02
1041,123,text,travel,0,2026-03-25 21:01:02
1042,115,text,tech,0,2026-03-19 15:36:02
1043,19,image,cooking,0,2026-03-28 07:15:02
1044,100,video,travel,409,2026-03-20 04:22:02
1045,100,video,tech,563,2026-03-31 21:46:02
1046,88,image,art,0,2026-03-23 06:23:02
1047,40,text,travel,0,2026-03-30 05:22:02
1048,9,video,travel,490,2026-03-30 14:19:02
1049,98,video,science,183,2026-03-27 21:03:02
1050,61,video,travel,316,2026-03-24 15:00:02
1051,5,video,art,281,2026-03-22 17:06:02
1052,98,image,science,0,2026-03-29 17:25:02
1053,39,image,travel,0,2026-03-30 17:45:02
1054,32,image,gaming,0,2026-03-21 12:42:02
1055,23,text,music,0,2026-03-27 06:06:02
1056,64,image,science,0,2026-03-26 11:45:02
1057,36,text,music,0,2026-03-23 05:51:02
1058,91,video,news,191,2026-03-23 04:13:02
1059,36,video,music,44,2026-03-29 03:33:02
1060,42,text,sports,0,2026-03-19 22:38:02
1061,69,image,gaming,0,2026-03-29 09:13:02
1062,122,video,tech,383,2026-03-28 21:17:02
1063,104,text,science,0,2026-03-28 12:24:02
1064,134,video,cooking,569,2026-03-19 08:58:02
1065,71,video,cooking,554,2026-03-26 07:31:02
1066,45,video,art,93,2026-03-18 19:08:02
1067,10,text,tech,0,2026-03-23 09:57:02
1068,19,image,gaming,0,2026-03-28 08:15:02
1069,86,video,cooking,194,2026-03-31 13:51:02
1070,122,image,science,0,2026-03-21 16:47:02
1071,30,video,art,462,2026-03-27 22:02:02
1072,140,image,news,0,2026-03-22 02:39:02
1073,82,image,music,0,2026-03-31 00:06:02
1074,49,text,art,0,2026-03-20 13:38:02
1075,9,video,tech,274,2026-03-27 02:43:02
1076,78,image,news,0,2026-03-28 23:52:02
1077,137,video,tech,87,2026-04-01 08:23:02
1078,54,text,music,0,2026-03-30 12:15:02
1079,92,video,music,272,2026-03-22 02:05:02
1080,61,video,art,93,2026-03-30 06:14:02
1081,70,image,travel,0,2026-04-01 09:35:02
1082,47,image,science,0,2026-03-22 08:21:02
1083,133,text,gaming,0,2026-03-27 14:45:02
1084,135,text,tech,0,2026-03-29 01:31:02
1085,25,image,music,0,2026-03-25 03:08:02
1086,56,text,music,0,2026-03-28 20:03:02
1087,88,video,travel,119,2026-03-29 15:26:02
1088,90,video,news,341,2026-03-20 13:10:02
1089,27,image,fashion,0,2026-03-27 20:11:02
1090,64,text,cooking,0,2026-03-26 12:28:02
1091,25,video,science,400,2026-04-01 07:17:02
1092,9,text,tech,0,2026-03-23 18:15:02
1093,2,text,gaming,0,2026-03-23 21:46:02
1094,83,video,news,495,2026-03-28 19:33:02
1095,59,video,music,77,2026-03-23 06:23:02
1096,119,video,gaming,500,2026-03-24 00:34:02
1097,107,video,science,211,2026-03-19 02:55:02
1098,56,image,fashion,0,2026-03-31 12:19:02
1099,48,text,science,0,2026-03-20 00:57:02
1100,64,text,tech,0,2026-03-26 15:15:02
1101,116,text,tech,0,2026-04-01 01:04:02
1102,46,video,science,247,2026-03-31 08:29:02
1103,1,image,gaming,0,2026-03-30 20:40:02
1104,144,image,fashion,0,2026-03-28 17:32:02
1105,67,image,science,0,2026-03-20 22:45:02
1106,140,image,cooking,0,2026-03-21 20:14:02
1107,113,video,tech,451,2026-03-24 04:40:02
1108,57,video,gaming,124,2026-03-24 05:27:02
1109,122,video,science,528,2026-03-31 06:23:02
1110,130,image,science,0,2026-03-30 18:54:02
1111,71,image,fashion,0,2026-03-23 20:33:02
1112,113,video,news,174,2026-03-21 00:41:02
1113,108,image,music,0,2026-03-19 07:24:02
1114,10,video,art,71,2026-03-21 07:39:02
1115,6,image,tech,0,2026-03-23 21:45:02
1116,78,video,gaming,95,2026-03-21 15:21:02
1117,114,text,travel,0,2026-03-19 17:20:02
1118,94,image,science,0,2026-03-27 14:31:02
1119,136,video,science,237,2026-03-22 11:45:02
1120,100,text,music,0,2026-03-19 00:17:02
1121,109,video,fashion,361,2026-03-21 02:36:02
1122,83,text,music,0,2026-03-31 23:07:02
1123,91,text,tech,0,2026-03-22 17:57:02
1124,112,video,gaming,597,2026-03-23 03:33:02
1125,126,text,cooking,0,2026-03-23 16:50:02
1126,36,image,art,0,2026-03-19 13:32:02
1127,73,video,news,275,2026-03-21 01:45:02
1128,21,image,news,0,2026-03-24 21:14:02
1129,45,video,tech,588,2026-03-18 15:59:02
1130,89,image,fashion,0,2026-03-25 17:56:02
1131,16,image,art,0,2026-03-21 02:05:02
1132,133,video,fashion,437,2026-03-23 12:15:02
1133,33,image,fashion,0,2026-03-24 09:42:02
1134,41,video,fashion,483,2026-03-25 19:17:02
1135,91,image,cooking,0,2026-03-29 23:24:02
1136,140,image,science,0,2026-03-28 17:53:02
1137,84,text,fashion,0,2026-03-24 13:14:02
1138,28,text,music,0,2026-03-25 16:34:02
1139,10,video,science,73,2026-03-25 20:16:02
1140,4,video,science,80,2026-03-24 03:00:02
1141,130,video,fashion,334,2026-04-01 04:41:02
1142,7,video,science,574,2026-03-21 00:56:02
1143,35,text,fashion,0,2026-03-26 14:58:02
1144,10,video,science,404,2026-03-20 23:15:02
1145,33,text,art,0,2026-03-28 11:54:02
1146,88,image,cooking,0,2026-03-21 15:09:02
1147,45,text,cooking,0,2026-03-25 19:12:02
1148,107,text,gaming,0,2026-03-18 15:37:02
1149,23,text,fashion,0,2026-03-25 00:19:02
1150,76,video,science,339,2026-03-19 16:26:02
1151,105,text,travel,0,2026-03-31 18:51:02
1152,142,text,news,0,2026-03-20 08:42:02
1153,1,image,art,0,2026-03-28 04:25:02
1154,128,video,news,486,2026-03-30 17:31:02
1155,91,text,cooking,0,2026-03-25 18:06:02
1156,81,image,music,0,2026-03-29 17:06:02
1157,3,image,music,0,2026-03-26 10:44:02
1158,13,video,art,458,2026-03-31 13:09:02
1159,139,video,travel,31,2026-03-24 00:02:02
1160,75,video,fashion,70,2026-03-28 01:19:02
1161,63,image,fashion,0,2026-03-31 04:15:02
1162,128,video,sports,69,2026-03-24 16:52:02
1163,124,text,art,0,2026-03-27 14:09:02
1164,53,image,tech,0,2026-03-22 21:19:02
1165,33,video,art,518,2026-03-23 02:16:02
1166,93,video,music,482,2026-03-23 03:05:02
1167,52,text,science,0,2026-03-26 01:08:02
1168,71,text,travel,0,2026-03-21 23:16:02
1169,25,image,music,0,2026-03-29 18:57:02
1170,135,text,tech,0,2026-03-30 07:28:02
1171,120,image,gaming,0,2026-03-20 06:36:02
1172,49,image,cooking,0,2026-03-29 14:41:02
1173,132,text,science,0,2026-03-21 12:49:02
1174,73,video,news,163,2026-03-31 05:20:02
1175,12,video,art,166,2026-03-19 13:23:02
1176,45,image,news,0,2026-03-24 08:54:02
1177,12,text,fashion,0,2026-03-29 02:10:02
1178,97,text,tech,0,2026-03-24 14:13:02
1179,47,video,cooking,317,2026-03-31 02:11:02
1180,87,text,news,0,2026-03-31 01:30:02
1181,73,video,gaming,509,2026-03-26 22:13:02
1182,109,image,gaming,0,2026-03-23 17:19:02
1183,88,text,cooking,0,2026-03-30 18:24:02
1184,99,text,tech,0,2026-03-22 07:15:02
1185,63,text,travel,0,2026-03-23 12:16:02
1186,26,image,tech,0,2026-03-31 08:21:02
1187,72,text,cooking,0,2026-03-31 08:16:02
1188,140,image,gaming,0,2026-03-20 00:14:02
1189,61,video,news,480,2026-03-29 21:23:02
1190,131,text,travel,0,2026-03-26 07:07:02
1191,42,video,sports,43,2026-03-28 05:34:02
1192,114,text,news,0,2026-03-29 16:20:02
1193,46,video,music,247,2026-03-29 21:48:02
1194,107,video,news,424,2026-03-27 13:53:02
1195,8,video,sports,279,2026-03-31 23:12:02
1196,129,video,science,448,2026-03-21 09:08:02
1197,115,text,art,0,2026-04-01 08:28:02
1198,99,image,news,0,2026-03-19 16:55:02
1199,145,video,gaming,477,2026-03-20 06:17:02
1200,53,video,news,261,2026-03-23 01:11:02
1201,32,image,science,0,2026-03-23 12:18:02
1202,74,image,news,0,2026-03-25 12:38:02
1203,18,image,fashion,0,2026-03-28 19:57:02
1204,40,text,art,0,2026-03-28 06:18:02
1205,14,video,tech,364,2026-03-24 19:14:02
1206,121,video,travel,256,2026-03-30 11:03:02
1207,123,text,tech,0,2026-03-22 05:55:02
1208,35,image,sports,0,2026-03-28 17:02:02
1209,145,video,music,440,2026-03-26 10:44:02
1210,17,text,art,0,2026-03-23 19:30:02
1211,112,video,music,49,2026-03-29 19:15:02
1212,136,video,cooking,160,2026-03-19 07:25:02
1213,84,video,travel,86,2026-03-20 18:44:02
1214,16,text,gaming,0,2026-03-20 10:17:02
1215,137,text,science,0,2026-03-19 15:59:02
1216,118,image,art,0,2026-03-30 02:07:02
1217,54,video,fashion,198,2026-03-21 15:23:02
1218,8,text,gaming,0,2026-03-25 23:26:02
1219,116,text,news,0,2026-04-01 01:28:02
1220,101,text,sports,0,2026-03-30 12:05:02
1221,85,text,art,0,2026-03-30 15:42:02
1222,111,image,sports,0,2026-03-18 14:39:02
1223,14,image,travel,0,2026-04-01 03:20:02
1224,85,video,tech,127,2026-03-26 01:22:02
1225,3,video,science,180,2026-03-25 17:34:02
1226,137,image,cooking,0,2026-03-20 19:24:02
1227,24,image,gaming,0,2026-03-18 23:03:02
1228,97,text,sports,0,2026-03-22 23:09:02
1229,49,video,travel,124,2026-03-23 07:11:02
1230,15,text,tech,0,2026-03-28 03:39:02
1231,139,video,sports,272,2026-03-20 03:45:02
1232,2,text,art,0,2026-03-20 09:45:02
1233,68,text,sports,0,2026-03-28 16:53:02
1234,70,video,music,560,2026-03-27 12:29:02
1235,60,image,gaming,0,2026-03-24 20:24:02
1236,47,video,music,56,2026-04-01 08:43:02
1237,12,text,tech,0,2026-03-18 13:48:02
1238,63,video,news,471,2026-03-30 17:57:02
1239,24,video,music,274,2026-03-23 03:35:02
1240,93,text,cooking,0,2026-03-24 11:35:02
1241,93,image,travel,0,2026-03-19 00:02:02
1242,26,image,music,0,2026-03-31 16:12:02
1243,66,image,tech,0,2026-03-23 07:59:02
1244,142,image,science,0,2026-03-22 15:27:02
1245,50,image,gaming,0,2026-03-29 09:54:02
1246,124,image,tech,0,2026-03-28 23:35:02
1247,107,image,travel,0,2026-03-20 04:49:02
1248,81,image,music,0,2026-03-24 17:36:02
1249,62,video,cooking,93,2026-03-23 10:28:02
1250,123,image,travel,0,2026-03-30 13:49:02
1251,25,text,travel,0,2026-03-30 23:29:02
1252,112,video,news,70,2026-03-31 02:13:02
1253,100,video,sports,229,2026-03-26 15:14:02
1254,80,image,news,0,2026-03-29 00:15:02
1255,13,video,sports,134,2026-03-24 19:12:02
1256,131,image,sports,0,2026-03-22 07:13:02
1257,113,video,gaming,493,2026-03-19 08:16:02
1258,119,video,travel,471,2026-03-22 05:28:02
1259,65,video,music,546,2026-03-21 03:42:02
1260,2,image,fashion,0,2026-03-29 12:40:02
1261,25,text,cooking,0,2026-03-19 03:54:02
1262,31,image,news,0,2026-03-19 08:56:02
1263,121,text,sports,0,2026-03-29 20:57:02
1264,132,text,sports,0,2026-03-21 03:23:02
1265,48,image,tech,0,2026-03-30 13:48:02
1266,48,image,cooking,0,2026-03-25 11:43:02
1267,108,image,science,0,2026-03-29 11:02:02
1268,67,video,music,415,2026-03-24 04:41:02
1269,25,image,tech,0,2026-03-28 23:58:02
1270,37,text,fashion,0,2026-03-31 13:35:02
1271,60,text,sports,0,2026-03-22 04:29:02
1272,41,video,gaming,514,2026-03-25 09:55:02
1273,59,text,cooking,0,2026-04-01 01:02:02
1274,121,video,travel,499,2026-03-24 17:18:02
1275,62,text,music,0,2026-03-31 18:46:02
1276,133,image,science,0,2026-03-25 05:34:02
1277,20,video,fashion,284,2026-03-23 08:00:02
1278,145,image,art,0,2026-03-26 07:23:02
1279,75,image,travel,0,2026-03-30 05:51:02
1280,99,video,travel,383,2026-03-30 15:39:02
1281,78,text,gaming,0,2026-03-30 12:30:02
1282,31,image,sports,0,2026-03-18 20:40:02
1283,126,text,cooking,0,2026-04-01 08:14:02
1284,7,text,travel,0,2026-03-26 05:56:02
1285,52,image,music,0,2026-04-01 04:12:02
1286,18,video,fashion,233,2026-03-20 00:14:02
1287,2,image,fashion,0,2026-03-26 00:26:02
1288,4,text,news,0,2026-03-19 22:57:02
1289,2,video,tech,220,2026-03-29 06:03:02
1290,96,text,travel,0,2026-03-25 08:00:02
1291,141,text,news,0,2026-03-23 06:13:02
1292,55,video,sports,279,2026-03-22 11:29:02
1293,46,text,science,0,2026-03-18 13:51:02
1294,78,video,fashion,187,2026-03-28 01:47:02
1295,93,video,travel,95,2026-03-22 15:59:02
1296,9,text,fashion,0,2026-03-22 08:00:02
1297,6,video,gaming,175,2026-03-19 18:09:02
1298,129,text,cooking,0,2026-03-31 16:38:02
1299,82,image,music,0,2026-03-25 08:01:02
1300,7,video,sports,286,2026-03-26 20:02:02
1301,132,image,cooking,0,2026-04-01 08:52:02
1302,140,image,cooking,0,2026-03-25 20:22:02
1303,81,image,travel,0,2026-03-25 21:10:02
1304,40,text,tech,0,2026-03-23 17:19:02
1305,55,video,music,541,2026-03-20 12:25:02
1306,142,text,fashion,0,2026-03-25 23:49:02
1307,70,image,science,0,2026-03-22 08:13:02
1308,45,image,science,0,2026-03-24 15:44:02
1309,44,video,travel,104,2026-03-28 04:21:02
1310,35,text,art,0,2026-03-25 15:17:02
1311,25,image,tech,0,2026-03-20 21:07:02
1312,40,video,gaming,147,2026-04-01 08:45:02
1313,95,image,travel,0,2026-03-27 22:38:02
1314,31,text,music,0,2026-03-19 22:53:02
1315,102,image,cooking,0,2026-04-01 05:29:02
1316,39,video,science,269,2026-03-26 06:22:02
1317,37,image,science,0,2026-03-24 20:22:02
1318,104,image,news,0,2026-03-21 16:36:02
1319,67,video,news,84,2026-03-22 19:38:02
1320,120,text,news,0,2026-03-27 05:46:02
1321,100,video,cooking,430,2026-03-24 23:03:02
1322,9,text,fashion,0,2026-03-31 23:56:02
1323,76,image,tech,0,2026-03-28 09:40:02
1324,67,video,news,333,2026-03-27 06:22:02
1325,43,video,sports,258,2026-03-25 12:25:02
1326,136,image,science,0,2026-03-26 00:52:02
1327,94,text,art,0,2026-03-24 18:41:02
1328,2,image,art,0,2026-03-31 03:10:02
1329,128,image,fashion,0,2026-03-18 15:27:02
1330,111,image,science,0,2026-03-27 21:28:02
1331,53,video,news,77,2026-03-30 04:51:02
1332,14,video,tech,310,2026-04-01 04:03:02
1333,98,video,art,246,2026-04-01 06:10:02
1334,25,video,fashion,409,2026-03-20 14:43:02
1335,30,image,news,0,2026-03-26 21:30:02
1336,81,text,sports,0,2026-03-27 19:21:02
1337,16,image,fashion,0,2026-03-25 01:12:02
1338,26,video,science,407,2026-03-25 00:57:02
1339,80,image,music,0,2026-03-31 09:26:02
1340,86,text,cooking,0,2026-03-22 00:51:02
1341,29,image,sports,0,2026-03-22 20:46:02
1342,9,video,music,597,2026-03-19 08:28:02
1343,110,video,fashion,479,2026-03-19 19:25:02
1344,115,text,fashion,0,2026-03-23 11:57:02
1345,9,text,sports,0,2026-03-27 16:55:02
1346,30,video,news,583,2026-03-19 07:59:02
1347,13,text,tech,0,2026-03-23 14:55:02
1348,103,video,music,131,2026-03-26 04:24:02
1349,105,text,art,0,2026-03-22 07:30:02
1350,124,text,music,0,2026-03-22 12:36:02
1351,137,video,cooking,98,2026-03-20 01:21:02
1352,43,image,music,0,2026-03-23 21:15:02
1353,118,text,tech,0,2026-03-26 09:41:02
1354,31,video,fashion,41,2026-03-24 05:29:02
1355,101,text,travel,0,2026-03-28 18:01:02
1356,33,text,sports,0,2026-03-27 08:23:02
1357,92,text,tech,0,2026-03-24 17:49:02
1358,89,video,news,249,2026-03-28 21:09:02
1359,139,text,tech,0,2026-03-24 22:31:02
1360,131,text,tech,0,2026-03-25 22:39:02
1361,28,video,science,127,2026-03-21 12:04:02
1362,50,image,cooking,0,2026-03-20 06:19:02
1363,39,video,fashion,200,2026-03-19 19:53:02
1364,13,video,science,542,2026-03-22 05:03:02
1365,50,image,tech,0,2026-03-26 17:12:02
1366,61,video,sports,191,2026-03-19 04:42:02
1367,86,video,art,414,2026-03-24 00:19:02
1368,41,text,science,0,2026-03-22 04:13:02
1369,143,image,travel,0,2026-03-27 21:05:02
1370,14,image,sports,0,2026-03-19 23:24:02
1371,115,image,news,0,2026-03-23 08:59:02
1372,134,text,tech,0,2026-03-22 23:23:02
1373,138,text,fashion,0,2026-03-20 06:37:02
1374,138,image,cooking,0,2026-03-23 20:38:02
1375,3,text,travel,0,2026-03-23 20:03:02
1376,92,image,sports,0,2026-03-19 13:46:02
1377,107,text,tech,0,2026-03-25 01:34:02
1378,14,text,sports,0,2026-03-26 06:16:02
1379,114,image,gaming,0,2026-03-30 04:42:02
1380,142,text,tech,0,2026-03-28 05:12:02
1381,106,text,fashion,0,2026-03-25 00:43:02
1382,118,text,gaming,0,2026-03-27 17:00:02
1383,126,video,music,47,2026-03-31 13:36:02
1384,39,video,travel,513,2026-03-27 23:02:02
1385,2,text,art,0,2026-03-21 09:22:02
1386,57,image,science,0,2026-03-19 03:59:02
1387,60,video,gaming,267,2026-03-21 21:44:02
1388,131,text,travel,0,2026-03-27 13:07:02
1389,92,image,gaming,0,2026-03-30 07:04:02
1390,15,video,travel,88,2026-03-24 16:50:02
1391,87,video,gaming,507,2026-03-24 12:24:02
1392,8,image,art,0,2026-03-19 12:03:02
1393,93,text,fashion,0,2026-03-24 05:38:02
1394,83,text,fashion,0,2026-03-21 04:25:02
1395,20,image,news,0,2026-03-23 17:30:02
1396,41,video,music,160,2026-03-28 09:21:02
1397,7,video,fashion,533,2026-03-28 20:48:02
1398,105,image,travel,0,2026-03-26 04:15:02
1399,40,video,gaming,55,2026-03-25 06:13:02
1400,59,image,music,0,2026-03-21 20:00:02
1401,108,text,sports,0,2026-03-18 14:27:02
1402,96,image,travel,0,2026-03-21 08:51:02
1403,30,video,travel,59,2026-03-19 06:06:02
1404,21,text,cooking,0,2026-03-28 15:14:02
1405,118,video,gaming,90,2026-03-25 22:53:02
1406,13,image,tech,0,2026-03-20 21:33:02
1407,17,text,tech,0,2026-03-25 01:25:02
1408,85,text,cooking,0,2026-03-20 23:45:02
1409,50,video,gaming,327,2026-03-24 15:24:02
1410,91,text,gaming,0,2026-03-28 04:14:02
1411,62,video,fashion,581,2026-03-22 05:38:02
1412,117,image,gaming,0,2026-04-01 12:02:02
1413,31,video,science,287,2026-03-31 05:43:02
1414,107,text,news,0,2026-03-22 08:27:02
1415,76,image,gaming,0,2026-03-30 21:55:02
1416,118,image,fashion,0,2026-03-23 00:33:02
1417,138,text,art,0,2026-03-31 13:20:02
1418,68,image,cooking,0,2026-04-01 10:54:02
1419,132,text,sports,0,2026-03-28 11:21:02
1420,70,video,science,33,2026-03-26 03:17:02
1421,1,text,science,0,2026-03-19 00:44:02
1422,82,image,cooking,0,2026-03-25 16:40:02
1423,133,text,science,0,2026-04-01 10:21:02
1424,86,video,art,420,2026-03-28 09:39:02
1425,129,image,art,0,2026-03-24 20:39:02
1426,6,video,music,218,2026-03-23 15:07:02
1427,6,video,cooking,522,2026-03-24 01:20:02
1428,132,text,fashion,0,2026-03-30 19:58:02
1429,1,video,travel,55,2026-03-23 10:18:02
1430,125,image,tech,0,2026-03-31 10:50:02
1431,117,video,art,401,2026-03-24 04:47:02
1432,70,image,news,0,2026-03-27 00:45:02
1433,101,text,fashion,0,2026-03-28 11:10:02
1434,23,video,fashion,67,2026-03-19 18:28:02
1435,145,video,cooking,169,2026-03-30 15:15:02
1436,37,text,music,0,2026-03-26 10:57:02
1437,8,image,science,0,2026-03-28 00:33:02
1438,90,text,science,0,2026-03-31 12:40:02
1439,53,image,news,0,2026-03-25 05:52:02
1440,127,image,music,0,2026-03-25 20:48:02
1441,79,video,travel,260,2026-03-31 23:05:02
1442,27,video,travel,72,2026-03-24 00:02:02
1443,85,video,tech,259,2026-03-28 08:20:02
1444,47,video,art,320,2026-03-25 04:41:02
1445,107,video,science,387,2026-04-01 01:31:02
1446,53,video,sports,491,2026-03-19 18:41:02
1447,145,text,news,0,2026-03-20 11:34:02
1448,70,image,news,0,2026-03-31 17:08:02
1449,90,video,sports,542,2026-03-23 11:08:02
1450,138,text,cooking,0,2026-03-30 11:44:02
1451,144,text,sports,0,2026-03-29 09:29:02
1452,132,text,science,0,2026-03-31 14:42:02
1453,15,text,art,0,2026-04-01 05:36:02
1454,41,video,science,511,2026-03-24 00:14:02
1455,7,video,science,529,2026-03-29 01:27:02
1456,6,video,art,374,2026-03-23 07:30:02
1457,65,image,tech,0,2026-04-01 03:25:02
1458,135,video,gaming,522,2026-03-23 00:51:02
1459,122,video,gaming,213,2026-03-27 15:42:02
1460,13,image,sports,0,2026-03-21 21:21:02
1461,87,video,art,416,2026-03-25 02:39:02
1462,12,image,cooking,0,2026-04-01 00:32:02
1463,20,video,fashion,112,2026-03-26 10:41:02
1464,139,text,science,0,2026-03-19 19:16:02
1465,23,text,news,0,2026-03-31 22:15:02
1466,64,image,fashion,0,2026-03-28 19:07:02
1467,140,video,news,406,2026-03-21 18:32:02
1468,107,image,fashion,0,2026-03-27 22:45:02
1469,12,video,gaming,236,2026-03-25 04:38:02
1470,122,text,tech,0,2026-03-28 17:28:02
1471,78,video,art,139,2026-03-21 09:04:02
1472,133,video,fashion,128,2026-03-25 14:17:02
1473,124,image,news,0,2026-03-23 20:00:02
1474,120,image,travel,0,2026-03-20 05:30:02
1475,124,image,fashion,0,2026-03-19 09:51:02
1476,97,video,news,470,2026-03-27 20:10:02
1477,89,text,music,0,2026-03-23 21:33:02
1478,86,video,travel,131,2026-03-23 11:48:02
1479,85,video,news,439,2026-03-23 04:28:02
1480,14,text,music,0,2026-03-28 08:41:02
1481,69,video,sports,287,2026-03-23 15:22:02
1482,63,video,travel,355,2026-03-25 13:31:02
1483,128,video,gaming,346,2026-03-31 21:48:02
1484,61,image,art,0,2026-03-29 03:56:02
1485,63,video,fashion,254,2026-03-27 13:20:02
1486,57,text,music,0,2026-03-25 10:03:02
1487,83,video,news,271,2026-03-31 23:35:02
1488,88,text,science,0,2026-03-24 13:42:02
1489,71,video,gaming,91,2026-03-23 03:07:02
1490,117,image,news,0,2026-03-24 06:04:02
1491,46,text,news,0,2026-03-30 12:06:02
1492,69,text,tech,0,2026-03-20 02:09:02
1493,45,image,fashion,0,2026-03-30 00:14:02
1494,142,video,science,585,2026-03-22 02:18:02
1495,46,image,gaming,0,2026-03-23 11:53:02
1496,95,text,gaming,0,2026-03-19 22:48:02
1497,25,text,science,0,2026-03-20 22:08:02
1498,40,video,gaming,256,2026-03-21 23:34:02
1499,90,image,music,0,2026-03-18 23:07:02
1500,56,text,travel,0,2026-04-01 07:29:02
1501,52,video,news,253,2026-03-26 09:06:02
1502,125,video,science,315,2026-03-26 23:03:02
1503,52,video,fashion,21,2026-03-25 14:57:02
1504,119,video,travel,150,2026-03-19 08:02:02
1505,43,image,fashion,0,2026-04-01 07:20:02
1506,34,image,tech,0,2026-03-27 07:56:02
1507,81,text,gaming,0,2026-03-23 18:09:02
1508,115,video,cooking,411,2026-03-24 02:30:02
1509,141,video,fashion,444,2026-03-28 23:31:02
1510,12,text,gaming,0,2026-03-19 21:04:02
1511,109,video,sports,265,2026-03-19 11:53:02
1512,89,video,travel,357,2026-03-31 03:10:02
1513,95,image,news,0,2026-03-26 19:50:02
1514,76,video,music,507,2026-03-23 21:16:02
1515,83,image,science,0,2026-03-25 13:51:02
1516,104,text,news,0,2026-03-23 03:28:02
1517,105,video,sports,339,2026-03-29 17:13:02
1518,54,text,fashion,0,2026-03-24 02:27:02
1519,26,image,science,0,2026-03-30 06:19:02
1520,60,video,cooking,426,2026-04-01 00:55:02
1521,113,video,tech,411,2026-03-21 05:06:02
1522,6,text,sports,0,2026-03-18 15:03:02
1523,36,text,art,0,2026-03-27 03:32:02
1524,141,video,music,417,2026-03-22 04:19:02
1525,90,video,news,503,2026-03-25 09:16:02
1526,25,text,science,0,2026-03-21 23:27:02
1527,39,image,cooking,0,2026-03-22 22:56:02
1528,22,video,science,596,2026-03-26 08:11:02
1529,10,image,science,0,2026-03-24 05:26:02
1530,142,video,sports,347,2026-03-20 17:23:02
1531,82,text,art,0,2026-03-22 18:11:02
1532,112,text,travel,0,2026-03-20 06:38:02
1533,134,text,art,0,2026-04-01 12:22:02
1534,23,text,fashion,0,2026-03-25 04:20:02
1535,63,image,travel,0,2026-03-30 06:10:02
1536,59,text,fashion,0,2026-03-24 22:12:02
1537,122,image,news,0,2026-03-20 11:44:02
1538,66,video,music,53,2026-03-30 03:06:02
1539,110,image,fashion,0,2026-03-31 11:19:02
1540,87,image,sports,0,2026-03-24 16:22:02
1541,47,video,sports,323,2026-03-18 22:26:02
1542,141,image,music,0,2026-03-25 13:04:02
1543,18,image,art,0,2026-03-29 04:59:02
1544,50,video,fashion,341,2026-03-26 07:11:02
1545,54,video,travel,227,2026-03-30 15:30:02
1546,125,image,science,0,2026-03-27 05:35:02
1547,33,image,cooking,0,2026-03-25 19:34:02
1548,111,image,sports,0,2026-03-19 10:41:02
1549,118,text,gaming,0,2026-03-31 08:34:02
1550,145,text,cooking,0,2026-03-21 12:39:02
1551,44,image,cooking,0,2026-03-20 22:21:02
1552,74,image,fashion,0,2026-03-19 05:56:02
1553,33,image,gaming,0,2026-03-28 06:07:02
1554,104,video,news,480,2026-03-18 22:18:02
1555,74,image,sports,0,2026-03-27 01:02:02
1556,145,video,sports,470,2026-03-19 15:36:02
1557,113,video,cooking,325,2026-03-20 19:56:02
1558,1,video,sports,257,2026-03-26 06:44:02
1559,137,video,fashion,371,2026-03-21 09:49:02
1560,51,image,travel,0,2026-03-21 18:26:02
1561,11,video,sports,40,2026-03-31 23:58:02
1562,35,text,cooking,0,2026-03-22 13:41:02
1563,80,image,science,0,2026-03-25 02:09:02
1564,122,text,tech,0,2026-03-29 08:38:02
1565,45,video,travel,350,2026-03-28 19:14:02
1566,25,text,art,0,2026-03-22 09:29:02
1567,88,video,cooking,50,2026-03-29 06:23:02
1568,55,video,cooking,248,2026-03-28 10:45:02
1569,19,text,travel,0,2026-03-26 16:03:02
1570,25,video,cooking,497,2026-03-20 12:20:02
1571,74,image,gaming,0,2026-03-28 14:25:02
1572,55,video,news,280,2026-03-28 01:12:02
1573,115,text,sports,0,2026-03-27 06:22:02
1574,129,image,cooking,0,2026-03-23 13:39:02
1575,134,video,news,203,2026-03-25 06:38:02
1576,90,video,sports,189,2026-03-20 22:47:02
1577,140,video,music,471,2026-03-25 11:55:02
1578,140,text,science,0,2026-03-28 13:29:02
1579,88,text,gaming,0,2026-03-27 15:49:02
1580,130,video,news,503,2026-03-24 06:37:02
1581,11,image,sports,0,2026-03-21 03:33:02
1582,22,text,sports,0,2026-03-31 17:15:02
1583,69,video,travel,55,2026-03-31 22:51:02
1584,78,video,news,373,2026-03-26 11:36:02
1585,92,video,fashion,306,2026-03-27 11:07:02
1586,41,video,cooking,380,2026-03-19 00:42:02
1587,74,video,art,211,2026-03-29 06:31:02
1588,33,video,gaming,579,2026-03-28 20:33:02
1589,116,image,fashion,0,2026-03-28 13:00:02
1590,69,text,tech,0,2026-03-30 10:32:02
1591,121,text,tech,0,2026-03-29 05:18:02
1592,34,text,fashion,0,2026-03-23 03:20:02
1593,95,video,tech,559,2026-03-21 20:12:02
1594,50,image,music,0,2026-03-21 15:41:02
1595,45,video,sports,233,2026-03-20 13:21:02
1596,64,video,science,423,2026-03-20 05:24:02
1597,78,image,music,0,2026-03-27 09:07:02
1598,24,video,art,400,2026-03-27 22:46:02
1599,30,video,gaming,119,2026-03-19 08:29:02
1600,38,video,travel,468,2026-03-31 03:27:02
1601,98,image,sports,0,2026-03-19 11:44:02
1602,49,image,fashion,0,2026-03-26 06:47:02
1603,112,video,travel,380,2026-03-28 19:55:02
1604,27,video,cooking,76,2026-04-01 07:54:02
1605,31,video,gaming,239,2026-03-29 01:59:02
1606,31,text,tech,0,2026-03-18 23:09:02
1607,75,image,tech,0,2026-03-30 03:15:02
1608,34,video,fashion,501,2026-03-22 19:45:02
1609,143,text,music,0,2026-03-21 21:20:02
1610,140,image,cooking,0,2026-03-21 15:16:02
1611,6,text,sports,0,2026-03-30 03:57:02
1612,128,text,tech,0,2026-03-21 15:34:02
1613,11,text,travel,0,2026-03-22 22:00:02
1614,86,video,tech,324,2026-03-22 15:51:02
1615,12,video,tech,472,2026-03-30 09:55:02
1616,47,text,news,0,2026-03-29 11:25:02
1617,40,text,news,0,2026-03-25 21:24:02
1618,110,video,music,95,2026-03-18 13:35:02
1619,6,image,travel,0,2026-03-27 16:07:02
1620,121,text,news,0,2026-03-24 18:45:02
1621,8,video,fashion,572,2026-03-23 14:39:02
1622,112,video,science,152,2026-03-31 10:30:02
1623,123,text,sports,0,2026-03-30 09:02:02
1624,1,video,tech,248,2026-03-31 23:04:02
1625,8,text,news,0,2026-03-21 10:17:02
1626,93,image,travel,0,2026-03-21 14:34:02
1627,69,text,travel,0,2026-03-30 05:02:02
1628,69,video,tech,305,2026-03-26 12:00:02
1629,47,image,music,0,2026-03-27 09:27:02
1630,139,image,gaming,0,2026-03-24 15:07:02
1631,107,video,news,545,2026-03-25 20:24:02
1632,119,image,art,0,2026-03-23 00:31:02
1633,16,image,sports,0,2026-03-24 01:10:02
1634,61,text,gaming,0,2026-03-20 21:52:02
1635,2,image,gaming,0,2026-03-23 09:42:02
1636,79,video,sports,457,2026-03-27 17:57:02
1637,134,image,news,0,2026-03-21 00:06:02
1638,55,image,art,0,2026-03-23 07:13:02
1639,129,image,news,0,2026-03-27 08:46:02
1640,17,text,travel,0,2026-03-27 20:34:02
1641,93,image,music,0,2026-03-22 23:22:02
1642,32,video,fashion,182,2026-03-25 07:54:02
1643,37,video,science,527,2026-03-31 06:35:02
1644,72,text,news,0,2026-03-21 11:33:02
1645,88,video,travel,484,2026-03-20 11:30:02
1646,129,image,fashion,0,2026-03-21 22:39:02
1647,13,video,sports,272,2026-03-27 18:28:02
1648,49,image,science,0,2026-03-28 17:58:02
1649,136,image,cooking,0,2026-03-24 01:33:02
1650,88,video,music,406,2026-03-19 09:48:02
1651,132,image,science,0,2026-03-27 00:04:02
1652,101,text,sports,0,2026-03-20 19:46:02
1653,24,text,tech,0,2026-03-19 19:57:02
1654,103,video,travel,60,2026-03-26 14:20:02
1655,15,image,science,0,2026-03-27 06:39:02
1656,105,text,cooking,0,2026-03-27 10:43:02
1657,51,text,cooking,0,2026-03-20 04:09:02
1658,101,text,science,0,2026-03-23 15:33:02
1659,110,text,news,0,2026-03-26 15:04:02
1660,84,image,news,0,2026-03-20 20:58:02
1661,86,video,cooking,330,2026-03-24 19:36:02
1662,3,image,sports,0,2026-03-24 09:43:02
1663,36,video,science,273,2026-03-26 09:44:02
1664,134,image,travel,0,2026-03-18 22:07:02
1665,96,text,art,0,2026-03-23 07:37:02
1666,35,text,gaming,0,2026-03-24 02:19:02
1667,94,video,music,345,2026-03-23 06:13:02
1668,73,video,fashion,225,2026-03-19 21:54:02
1669,82,video,fashion,496,2026-03-30 01:33:02
1670,36,image,art,0,2026-03-31 14:01:02
1671,80,text,sports,0,2026-03-27 04:14:02
1672,21,image,cooking,0,2026-03-26 13:03:02
1673,49,text,fashion,0,2026-03-28 09:27:02
1674,61,image,music,0,2026-03-26 16:58:02
1675,51,image,fashion,0,2026-03-31 04:34:02
1676,53,video,news,120,2026-03-26 02:25:02
1677,35,image,cooking,0,2026-03-26 21:48:02
1678,138,image,news,0,2026-03-22 13:18:02
1679,101,image,gaming,0,2026-03-25 01:54:02
1680,135,text,travel,0,2026-04-01 04:40:02
1681,18,video,cooking,271,2026-03-22 03:58:02
1682,30,video,cooking,584,2026-03-29 01:38:02
1683,121,video,fashion,297,2026-03-20 19:03:02
1684,86,video,cooking,280,2026-03-28 16:36:02
1685,70,video,gaming,512,2026-03-19 02:17:02
1686,17,video,science,350,2026-04-01 04:10:02
1687,102,image,music,0,2026-03-25 10:01:02
1688,111,image,sports,0,2026-03-22 12:50:02
1689,17,video,fashion,385,2026-03-31 01:43:02
1690,20,image,news,0,2026-03-27 09:37:02
1691,53,video,tech,282,2026-03-26 03:42:02
1692,47,image,travel,0,2026-03-30 11:51:02
1693,82,image,science,0,2026-03-20 14:51:02
1694,56,text,travel,0,2026-03-31 18:47:02
1695,97,image,sports,0,2026-03-26 11:55:02
1696,37,video,science,60,2026-03-23 15:27:02
1697,65,image,news,0,2026-03-28 08:51:02
1698,34,image,tech,0,2026-03-22 16:18:02
1699,85,video,art,106,2026-03-26 01:10:02
1700,26,text,travel,0,2026-03-24 02:12:02
1701,109,text,travel,0,2026-03-21 05:58:02
1702,64,image,news,0,2026-03-29 03:13:02
1703,11,image,cooking,0,2026-03-28 17:12:02
1704,66,image,cooking,0,2026-03-20 22:45:02
1705,106,image,news,0,2026-03-26 06:53:02
1706,54,image,science,0,2026-03-30 15:26:02
1707,46,text,gaming,0,2026-03-25 22:07:02
1708,6,text,science,0,2026-03-22 07:21:02
1709,125,text,sports,0,2026-03-19 16:12:02
1710,118,image,gaming,0,2026-03-29 07:29:02
1711,34,video,science,384,2026-03-30 19:04:02
1712,27,video,gaming,331,2026-03-25 14:58:02
1713,31,text,fashion,0,2026-03-28 06:00:02
1714,77,text,news,0,2026-03-24 14:38:02
1715,95,video,cooking,344,2026-03-18 16:56:02
1716,39,text,fashion,0,2026-03-22 05:03:02
1717,51,text,art,0,2026-03-18 21:15:02
1718,98,text,music,0,2026-03-19 04:11:02
1719,59,text,tech,0,2026-03-24 16:14:02
1720,135,video,sports,287,2026-03-29 17:08:02
1721,44,text,sports,0,2026-03-31 03:00:02
1722,28,image,fashion,0,2026-03-20 02:03:02
1723,44,image,tech,0,2026-03-28 09:19:02
1724,20,video,cooking,404,2026-03-30 13:58:02
1725,2,video,cooking,125,2026-03-26 14:30:02
1726,145,text,sports,0,2026-03-22 01:54:02
1727,131,text,tech,0,2026-03-31 13:12:02
1728,86,text,science,0,2026-03-24 08:01:02
1729,17,video,tech,167,2026-03-27 19:48:02
1730,16,text,news,0,2026-03-29 10:26:02
1731,87,video,art,167,2026-03-30 21:05:02
1732,72,text,news,0,2026-03-25 15:18:02
1733,98,image,music,0,2026-03-29 23:32:02
1734,4,image,fashion,0,2026-03-31 18:45:02
1735,109,image,sports,0,2026-03-22 16:12:02
1736,34,video,travel,442,2026-03-22 09:16:02
1737,33,image,gaming,0,2026-03-23 21:16:02
1738,75,video,cooking,29,2026-03-23 18:21:02
1739,62,image,cooking,0,2026-03-26 16:42:02
1740,127,image,sports,0,2026-03-31 21:24:02
1741,78,text,cooking,0,2026-03-22 11:21:02
1742,123,text,music,0,2026-03-28 19:03:02
1743,126,text,art,0,2026-03-31 21:51:02
1744,16,image,tech,0,2026-03-22 05:16:02
1745,140,text,gaming,0,2026-03-30 19:19:02
1746,116,image,music,0,2026-03-26 18:26:02
1747,145,video,sports,542,2026-03-31 01:06:02
1748,1,video,science,273,2026-03-24 16:22:02
1749,28,text,gaming,0,2026-03-30 10:43:02
1750,35,text,sports,0,2026-03-19 14:25:02
1751,143,text,travel,0,2026-03-21 18:32:02
1752,142,video,cooking,62,2026-03-18 17:08:02
1753,84,image,tech,0,2026-03-25 16:19:02
1754,38,text,news,0,2026-03-18 21:17:02
1755,121,image,travel,0,2026-03-28 03:01:02
1756,15,image,news,0,2026-03-30 14:08:02
1757,76,video,news,264,2026-03-27 04:32:02
1758,114,video,cooking,376,2026-03-22 10:31:02
1759,124,video,fashion,123,2026-03-19 08:45:02
1760,48,image,gaming,0,2026-03-24 12:56:02
1761,113,video,gaming,572,2026-03-23 04:23:02
1762,84,text,travel,0,2026-03-23 15:36:02
1763,61,image,sports,0,2026-03-23 20:46:02
1764,21,image,cooking,0,2026-03-24 09:08:02
1765,4,text,music,0,2026-03-30 17:50:02
1766,35,video,tech,212,2026-03-23 11:03:02
1767,122,video,news,364,2026-03-22 15:32:02
1768,136,image,travel,0,2026-03-23 23:37:02
1769,136,video,travel,524,2026-03-28 01:45:02
1770,12,text,sports,0,2026-03-31 08:54:02
1771,101,video,music,550,2026-03-30 08:09:02
1772,125,image,science,0,2026-03-30 19:08:02
1773,43,image,art,0,2026-03-29 17:06:02
1774,87,text,cooking,0,2026-03-27 15:18:02
1775,77,text,cooking,0,2026-03-27 15:15:02
1776,128,video,sports,377,2026-03-20 09:54:02
1777,49,video,news,553,2026-03-23 21:36:02
1778,2,image,art,0,2026-03-22 10:46:02
1779,13,video,gaming,558,2026-03-30 10:22:02
1780,110,text,sports,0,2026-03-24 02:58:02
1781,132,video,science,375,2026-03-20 19:09:02
1782,85,text,cooking,0,2026-03-20 23:46:02
1783,137,image,cooking,0,2026-03-28 07:23:02
1784,34,image,travel,0,2026-03-18 13:39:02
1785,23,text,news,0,2026-03-29 16:13:02
1786,142,video,sports,306,2026-03-24 10:59:02
1787,4,text,fashion,0,2026-03-25 22:45:02
1788,39,video,sports,84,2026-03-30 20:42:02
1789,14,video,music,440,2026-03-19 02:56:02
1790,70,video,news,540,2026-03-24 11:26:02
1791,142,video,fashion,180,2026-04-01 10:15:02
1792,46,text,art,0,2026-03-26 02:07:02
1793,50,text,music,0,2026-03-20 16:23:02
1794,3,image,science,0,2026-03-27 13:27:02
1795,54,image,art,0,2026-03-29 06:57:02
1796,40,text,music,0,2026-03-24 12:43:02
1797,127,video,music,193,2026-03-26 01:35:02
1798,88,image,fashion,0,2026-03-20 14:33:02
1799,65,image,gaming,0,2026-03-30 15:10:02
1800,145,text,art,0,2026-03-19 01:31:02
1801,25,text,cooking,0,2026-03-25 12:45:02
1802,122,video,tech,414,2026-03-24 04:57:02
1803,19,video,art,185,2026-03-20 05:36:02
1804,38,image,gaming,0,2026-03-21 17:21:02
1805,68,image,fashion,0,2026-03-24 18:21:02
1806,51,video,gaming,384,2026-03-29 14:42:02
1807,14,video,news,122,2026-03-29 07:31:02
1808,138,video,sports,125,2026-03-29 03:57:02
1809,129,image,music,0,2026-03-23 23:49:02
1810,119,image,science,0,2026-03-25 14:34:02
1811,135,image,tech,0,2026-03-28 22:43:02
1812,38,image,sports,0,2026-03-18 14:05:02
1813,138,image,art,0,2026-03-28 02:04:02
1814,73,image,fashion,0,2026-03-25 20:56:02
1815,63,text,gaming,0,2026-03-30 08:09:02
1816,144,text,travel,0,2026-03-26 10:20:02
1817,144,image,fashion,0,2026-03-21 11:28:02
1818,137,video,travel,486,2026-03-27 17:49:02
1819,39,video,music,397,2026-03-24 01:12:02
1820,34,image,gaming,0,2026-03-29 10:15:02
1821,112,video,sports,464,2026-03-28 15:11:02
1822,76,video,art,269,2026-03-31 04:00:02
1823,125,image,science,0,2026-03-27 06:51:02
1824,121,text,sports,0,2026-03-27 19:36:02
1825,116,video,gaming,427,2026-03-29 13:08:02
1826,126,image,fashion,0,2026-03-27 19:03:02
1827,66,text,art,0,2026-03-28 15:19:02
1828,126,video,cooking,22,2026-03-25 18:04:02
1829,79,video,fashion,83,2026-03-25 17:25:02
1830,43,text,news,0,2026-03-28 10:23:02
1831,49,text,gaming,0,2026-03-20 21:49:02
1832,145,text,music,0,2026-03-23 20:49:02
1833,8,image,tech,0,2026-03-26 14:29:02
1834,107,image,cooking,0,2026-03-21 19:22:02
1835,23,text,sports,0,2026-03-20 14:30:02
1836,36,video,sports,405,2026-03-31 12:30:02
1837,140,image,sports,0,2026-03-21 22:21:02
1838,34,text,tech,0,2026-03-18 14:02:02
1839,90,video,sports,39,2026-03-23 09:11:02
1840,141,text,tech,0,2026-03-19 15:14:02
1841,129,video,gaming,196,2026-03-22 07:15:02
1842,118,image,cooking,0,2026-03-21 10:16:02
1843,26,text,science,0,2026-03-28 04:01:02
1844,55,text,tech,0,2026-03-30 08:08:02
1845,30,image,cooking,0,2026-03-20 14:40:02
1846,60,text,cooking,0,2026-03-24 15:47:02
1847,121,image,tech,0,2026-03-27 19:08:02
1848,26,video,tech,411,2026-03-24 05:25:02
1849,3,video,news,245,2026-03-22 08:51:02
1850,46,video,cooking,176,2026-03-22 19:05:02
1851,62,image,art,0,2026-03-22 04:41:02
1852,36,video,tech,17,2026-03-26 04:21:02
1853,144,image,tech,0,2026-03-20 05:24:02
1854,111,video,sports,153,2026-03-25 01:14:02
1855,37,image,gaming,0,2026-03-27 07:47:02
1856,63,image,sports,0,2026-03-27 10:34:02
1857,68,text,science,0,2026-03-27 19:52:02
1858,92,video,travel,174,2026-03-25 05:52:02
1859,8,image,travel,0,2026-03-31 00:26:02
1860,7,text,gaming,0,2026-03-19 07:22:02
1861,126,video,art,150,2026-03-31 19:56:02
1862,91,text,sports,0,2026-03-19 04:29:02
1863,118,video,gaming,109,2026-03-27 11:59:02
1864,9,video,news,259,2026-03-31 14:39:02
1865,70,text,tech,0,2026-03-31 02:42:02
1866,16,image,music,0,2026-03-31 07:01:02
1867,85,image,art,0,2026-03-23 06:48:02
1868,14,text,science,0,2026-03-25 12:55:02
1869,75,text,music,0,2026-03-29 06:01:02
1870,68,video,cooking,81,2026-03-30 01:01:02
1871,52,text,travel,0,2026-03-25 12:36:02
1872,100,image,news,0,2026-03-19 07:41:02
1873,98,image,science,0,2026-04-01 12:34:02
1874,63,video,travel,158,2026-03-30 20:39:02
1875,118,image,cooking,0,2026-03-25 17:42:02
1876,47,video,travel,586,2026-03-22 06:09:02
1877,11,text,news,0,2026-03-28 08:19:02
1878,53,video,sports,85,2026-03-25 20:39:02
1879,108,video,science,372,2026-03-21 18:07:02
1880,120,video,cooking,146,2026-03-20 04:57:02
1881,37,text,news,0,2026-03-29 18:10:02
1882,125,text,fashion,0,2026-03-19 12:43:02
1883,124,text,gaming,0,2026-03-24 07:12:02
1884,137,video,news,561,2026-03-27 02:04:02
1885,65,image,gaming,0,2026-03-20 00:39:02
1886,121,text,music,0,2026-03-28 00:11:02
1887,135,text,sports,0,2026-03-24 00:03:02
1888,73,video,gaming,487,2026-03-29 19:54:02
1889,76,image,music,0,2026-03-25 09:41:02
1890,97,text,art,0,2026-03-27 05:49:02
1891,18,text,science,0,2026-03-20 12:25:02
1892,142,image,music,0,2026-03-31 06:26:02
1893,138,image,fashion,0,2026-03-31 22:30:02
1894,129,text,music,0,2026-03-20 02:59:02
1895,89,video,travel,413,2026-04-01 10:43:02
1896,18,text,news,0,2026-03-21 19:05:02
1897,82,video,news,274,2026-03-20 06:57:02
1898,121,video,cooking,495,2026-03-26 05:32:02
1899,121,image,sports,0,2026-03-18 19:35:02
1900,132,video,art,331,2026-03-19 08:52:02
1901,143,text,fashion,0,2026-03-24 20:23:02
1902,50,image,cooking,0,2026-03-28 01:32:02
1903,57,text,science,0,2026-03-23 04:33:02
1904,118,image,gaming,0,2026-03-31 22:20:02
1905,100,image,music,0,2026-03-22 20:31:02
1906,47,video,sports,96,2026-03-24 09:38:02
1907,19,video,news,426,2026-03-23 21:03:02
1908,33,image,fashion,0,2026-03-28 06:35:02
1909,80,image,science,0,2026-03-29 08:06:02
1910,93,image,tech,0,2026-03-28 04:10:02
1911,58,image,gaming,0,2026-03-21 06:44:02
1912,17,video,news,257,2026-03-29 23:35:02
1913,82,video,science,476,2026-03-31 16:15:02
1914,50,video,science,522,2026-03-20 23:58:02
1915,10,image,news,0,2026-03-27 07:29:02
1916,58,video,cooking,420,2026-03-21 14:20:02
1917,33,image,news,0,2026-03-25 09:44:02
1918,67,video,travel,600,2026-03-25 12:52:02
1919,56,image,music,0,2026-03-23 23:52:02
1920,82,video,travel,540,2026-03-23 20:55:02
1921,4,text,gaming,0,2026-03-19 08:37:02
1922,123,image,art,0,2026-03-22 15:01:02
1923,56,video,science,442,2026-03-20 17:17:02
1924,90,text,gaming,0,2026-03-22 23:03:02
1925,12,text,fashion,0,2026-03-29 05:20:02
1926,44,image,fashion,0,2026-03-23 07:03:02
1927,65,video,news,493,2026-03-22 06:52:02
1928,94,image,fashion,0,2026-03-26 09:59:02
1929,66,image,tech,0,2026-03-26 17:27:02
1930,4,text,music,0,2026-03-27 02:47:02
1931,136,text,fashion,0,2026-03-30 19:39:02
1932,135,video,sports,541,2026-03-20 20:38:02
1933,49,text,travel,0,2026-03-26 18:53:02
1934,9,image,tech,0,2026-03-30 17:53:02
1935,76,text,music,0,2026-03-29 18:12:02
1936,81,text,gaming,0,2026-03-22 23:48:02
1937,44,image,sports,0,2026-03-28 00:50:02
1938,129,text,travel,0,2026-03-23 09:17:02
1939,93,video,sports,160,2026-03-26 23:49:02
1940,44,video,fashion,460,2026-03-26 22:07:02
1941,132,text,tech,0,2026-03-30 18:56:02
1942,67,image,cooking,0,2026-03-30 00:11:02
1943,24,image,music,0,2026-03-30 09:01:02
1944,20,video,cooking,63,2026-03-22 15:34:02
1945,2,text,travel,0,2026-03-23 09:22:02
1946,98,text,tech,0,2026-03-24 13:35:02
1947,114,image,gaming,0,2026-03-23 12:41:02
1948,137,image,science,0,2026-03-30 15:22:02
1949,45,text,gaming,0,2026-03-26 05:39:02
1950,114,text,fashion,0,2026-03-28 15:28:02
1951,103,text,travel,0,2026-03-25 01:38:02
1952,36,video,science,109,2026-03-19 02:13:02
1953,41,video,music,157,2026-03-25 14:11:02
1954,21,text,tech,0,2026-03-29 03:03:02
1955,29,text,news,0,2026-03-23 09:13:02
1956,58,text,fashion,0,2026-03-30 22:54:02
1957,16,text,gaming,0,2026-03-31 01:31:02
1958,62,image,science,0,2026-03-21 01:55:02
1959,119,text,art,0,2026-03-23 20:03:02
1960,142,image,music,0,2026-03-30 23:31:02
1961,3,image,music,0,2026-03-29 12:05:02
1962,116,text,fashion,0,2026-03-24 07:26:02
1963,136,text,travel,0,2026-03-27 21:03:02
1964,127,text,sports,0,2026-03-31 13:20:02
1965,41,video,art,102,2026-03-22 04:57:02
1966,102,image,sports,0,2026-03-24 14:39:02
1967,67,text,sports,0,2026-03-18 22:05:02
1968,71,text,science,0,2026-03-22 19:13:02
1969,90,video,science,324,2026-03-18 23:33:02
1970,5,video,tech,486,2026-03-19 12:00:02
1971,10,image,tech,0,2026-03-30 03:43:02
1972,12,image,tech,0,2026-03-19 09:39:02
1973,119,video,cooking,214,2026-03-30 20:46:02
1974,61,image,art,0,2026-03-30 13:25:02
1975,25,text,music,0,2026-03-21 11:13:02
1976,113,video,tech,537,2026-03-18 15:05:02
1977,27,text,art,0,2026-03-27 15:20:02
1978,117,video,travel,323,2026-03-29 01:11:02
1979,105,text,fashion,0,2026-03-28 05:46:02
1980,24,video,science,361,2026-03-25 16:07:02
1981,1,video,music,419,2026-03-28 12:39:02
1982,90,text,sports,0,2026-03-19 07:11:02
1983,63,text,tech,0,2026-04-01 04:54:02
1984,16,text,music,0,2026-04-01 07:32:02
1985,103,text,sports,0,2026-03-28 02:56:02
1986,44,video,science,397,2026-03-25 13:24:02
1987,141,image,gaming,0,2026-03-24 13:35:02
1988,116,video,music,111,2026-04-01 11:46:02
1989,62,text,tech,0,2026-03-23 23:38:02
1990,39,video,travel,361,2026-03-24 00:46:02
1991,131,image,news,0,2026-03-24 04:14:02
1992,109,video,travel,454,2026-03-22 11:11:02
1993,5,image,music,0,2026-03-27 09:38:02
1994,8,image,science,0,2026-03-29 01:28:02
1995,94,video,sports,47,2026-03-22 08:01:02
1996,86,video,science,240,2026-03-20 02:16:02
1997,128,video,cooking,335,2026-03-19 16:07:02
1998,30,image,sports,0,2026-03-30 09:39:02
1999,27,image,art,0,2026-03-31 20:53:02
2000,23,image,art,0,2026-03-27 02:15:02
2001,136,text,news,0,2026-03-22 10:28:02
2002,13,image,gaming,0,2026-03-30 01:40:02
2003,77,video,tech,286,2026-03-20 11:51:02
2004,140,text,tech,0,2026-03-23 17:54:02
2005,80,image,travel,0,2026-03-22 02:43:02
2006,126,video,gaming,87,2026-03-27 09:05:02
2007,23,image,art,0,2026-03-30 06:10:02
2008,46,text,music,0,2026-03-29 09:57:02
2009,89,image,tech,0,2026-03-27 13:24:02
2010,103,image,art,0,2026-03-26 07:13:02
2011,35,text,travel,0,2026-03-18 20:01:02
2012,28,video,tech,241,2026-03-20 11:20:02
2013,37,text,gaming,0,2026-03-22 17:51:02
2014,7,image,tech,0,2026-03-25 21:31:02
2015,34,video,news,189,2026-03-19 06:15:02
2016,99,video,fashion,526,2026-03-29 17:55:02
2017,89,image,gaming,0,2026-03-24 19:38:02
2018,10,text,news,0,2026-03-29 23:11:02
2019,13,text,science,0,2026-03-31 11:56:02
2020,60,image,sports,0,2026-03-24 10:59:02
2021,76,image,cooking,0,2026-03-29 16:10:02
2022,100,text,art,0,2026-03-20 15:00:02
2023,107,image,music,0,2026-03-23 02:06:02
2024,5,image,fashion,0,2026-03-27 18:42:02
2025,94,video,travel,314,2026-03-29 12:42:02
2026,44,image,gaming,0,2026-03-23 11:33:02
2027,101,image,science,0,2026-03-28 12:33:02
2028,24,video,science,548,2026-03-26 19:59:02
2029,51,text,music,0,2026-03-27 06:05:02
2030,7,text,gaming,0,2026-03-20 22:53:02
2031,82,video,travel,286,2026-03-27 03:40:02
2032,34,image,music,0,2026-03-21 13:47:02
2033,145,text,news,0,2026-03-21 23:54:02
2034,62,image,gaming,0,2026-03-30 12:29:02
2035,47,video,tech,570,2026-03-28 08:37:02
2036,64,video,news,456,2026-03-26 02:32:02
2037,57,image,science,0,2026-03-28 08:09:02
2038,89,text,travel,0,2026-03-20 00:35:02
2039,144,text,cooking,0,2026-03-28 21:49:02
2040,2,video,science,390,2026-03-28 10:28:02
2041,31,video,science,401,2026-03-25 10:28:02
2042,36,image,travel,0,2026-03-24 00:27:02
2043,86,video,sports,66,2026-04-01 08:02:02
2044,102,video,sports,137,2026-03-22 09:27:02
2045,83,text,cooking,0,2026-03-21 15:37:02
2046,80,image,sports,0,2026-03-26 00:26:02
2047,88,text,news,0,2026-03-30 00:34:02
2048,68,video,fashion,365,2026-03-19 03:09:02
2049,22,video,music,195,2026-03-30 13:20:02
2050,4,text,fashion,0,2026-03-20 06:36:02
2051,103,image,art,0,2026-03-27 06:51:02
2052,26,text,news,0,2026-03-28 18:19:02
2053,109,image,fashion,0,2026-03-19 07:19:02
2054,58,image,tech,0,2026-03-24 03:31:02
2055,123,text,sports,0,2026-03-28 05:08:02
2056,101,text,cooking,0,2026-03-20 02:11:02
2057,50,text,music,0,2026-03-21 20:03:02
2058,12,image,music,0,2026-03-29 11:08:02
2059,5,image,tech,0,2026-03-24 21:55:02
2060,115,video,fashion,114,2026-03-29 02:55:02
2061,12,image,sports,0,2026-03-18 21:49:02
2062,120,video,gaming,583,2026-03-25 05:59:02
2063,47,image,gaming,0,2026-03-19 03:09:02
2064,122,text,cooking,0,2026-03-26 07:28:02
2065,118,text,news,0,2026-03-23 09:02:02
2066,104,image,art,0,2026-03-22 10:11:02
2067,79,video,music,296,2026-03-21 01:57:02
2068,24,video,gaming,206,2026-03-21 09:26:02
2069,144,video,news,44,2026-03-20 05:02:02
2070,139,image,tech,0,2026-03-22 09:08:02
2071,92,text,gaming,0,2026-03-25 02:22:02
2072,49,video,science,352,2026-03-26 20:12:02
2073,127,text,sports,0,2026-03-20 00:03:02
2074,133,image,fashion,0,2026-03-29 03:08:02
2075,79,image,news,0,2026-03-18 19:47:02
2076,137,text,science,0,2026-03-18 16:57:02
2077,109,video,music,137,2026-03-23 20:31:02
2078,42,image,news,0,2026-03-18 17:56:02
2079,99,text,science,0,2026-03-18 15:58:02
2080,32,text,science,0,2026-03-19 11:03:02
2081,70,image,cooking,0,2026-03-19 15:24:02
2082,125,text,sports,0,2026-03-26 05:52:02
2083,73,text,travel,0,2026-03-25 04:54:02
2084,81,image,music,0,2026-03-30 18:32:02
2085,39,image,news,0,2026-03-28 21:15:02
2086,132,video,fashion,454,2026-03-27 22:31:02
2087,30,video,music,220,2026-03-21 18:50:02
2088,77,text,fashion,0,2026-03-23 22:02:02
2089,129,text,music,0,2026-03-25 03:58:02
2090,67,text,science,0,2026-03-19 18:33:02
2091,64,text,travel,0,2026-03-29 10:05:02
2092,11,text,travel,0,2026-03-24 22:55:02
2093,48,image,art,0,2026-03-22 10:41:02
2094,46,video,fashion,72,2026-04-01 12:11:02
2095,79,image,news,0,2026-03-26 09:54:02
2096,97,video,tech,269,2026-03-28 08:36:02
2097,50,image,news,0,2026-03-27 10:58:02
2098,37,video,sports,56,2026-04-01 04:16:02
2099,94,text,cooking,0,2026-03-24 13:27:02
2100,82,video,gaming,34,2026-03-19 04:34:02
2101,35,video,art,223,2026-03-25 00:55:02
2102,15,image,science,0,2026-03-30 03:22:02
2103,65,image,fashion,0,2026-03-31 03:57:02
2104,103,video,news,276,2026-03-23 15:05:02
2105,75,text,fashion,0,2026-03-24 11:47:02
2106,25,video,cooking,412,2026-03-22 18:53:02
2107,65,video,news,40,2026-03-24 15:06:02
2108,46,video,travel,40,2026-03-26 08:58:02
2109,32,text,science,0,2026-03-24 02:50:02
2110,27,video,music,245,2026-03-20 04:31:02
2111,49,text,science,0,2026-03-21 23:02:02
2112,17,video,news,428,2026-04-01 04:06:02
2113,11,text,travel,0,2026-03-19 07:46:02
2114,97,video,science,317,2026-03-23 10:22:02
2115,117,video,art,277,2026-03-30 06:26:02
2116,141,image,sports,0,2026-03-20 02:12:02
2117,3,image,travel,0,2026-03-31 20:55:02
2118,122,video,cooking,284,2026-03-24 00:09:02
2119,137,image,tech,0,2026-03-28 07:10:02
2120,72,text,sports,0,2026-03-25 08:29:02
2121,108,image,tech,0,2026-03-31 08:38:02
2122,144,text,gaming,0,2026-03-26 21:12:02
2123,126,image,news,0,2026-03-23 03:33:02
2124,118,text,science,0,2026-04-01 12:50:02
2125,9,image,travel,0,2026-03-25 18:21:02
2126,91,video,travel,346,2026-03-30 19:55:02
2127,93,image,tech,0,2026-03-21 00:28:02
2128,136,video,music,337,2026-03-28 21:45:02
2129,44,video,gaming,215,2026-03-25 15:16:02
2130,126,video,gaming,100,2026-03-19 02:36:02
2131,40,text,sports,0,2026-03-20 00:35:02
2132,106,text,tech,0,2026-03-21 14:53:02
2133,68,video,travel,458,2026-03-18 18:10:02
2134,50,image,science,0,2026-03-28 09:22:02
2135,138,text,art,0,2026-03-28 22:23:02
2136,12,text,science,0,2026-03-22 07:57:02
2137,56,text,art,0,2026-03-22 06:48:02
2138,45,video,science,249,2026-03-31 12:15:02
2139,82,image,art,0,2026-03-21 07:28:02
2140,115,video,music,138,2026-03-21 17:32:02
2141,11,text,science,0,2026-03-23 23:10:02
2142,107,video,fashion,486,2026-03-21 04:21:02
2143,131,video,cooking,415,2026-04-01 02:40:02
2144,79,image,music,0,2026-03-18 15:29:02
2145,122,image,music,0,2026-03-22 22:43:02
2146,31,image,cooking,0,2026-03-24 18:48:02
2147,113,image,fashion,0,2026-03-20 13:38:02
2148,101,text,sports,0,2026-04-01 09:29:02
2149,27,video,fashion,424,2026-03-31 14:17:02
2150,29,image,gaming,0,2026-03-27 16:50:02
2151,72,image,gaming,0,2026-03-19 17:31:02
2152,61,text,art,0,2026-03-24 15:57:02
2153,134,video,art,49,2026-03-28 08:22:02
2154,78,video,art,21,2026-03-27 05:45:02
2155,74,text,music,0,2026-03-19 19:08:02
2156,119,image,travel,0,2026-03-22 19:16:02
2157,23,image,travel,0,2026-03-19 18:53:02
2158,109,video,gaming,149,2026-03-26 20:11:02
2159,142,text,sports,0,2026-03-25 22:01:02
2160,131,video,tech,82,2026-03-24 20:55:02
2161,102,image,cooking,0,2026-03-24 23:23:02
2162,127,image,tech,0,2026-03-25 10:18:02
2163,47,image,news,0,2026-03-22 14:12:02
2164,12,text,tech,0,2026-03-23 08:18:02
2165,44,video,art,581,2026-03-29 07:34:02
2166,21,text,fashion,0,2026-03-19 23:35:02
2167,58,text,cooking,0,2026-03-27 04:09:02
2168,23,image,travel,0,2026-04-01 06:53:02
2169,58,text,art,0,2026-03-22 01:10:02
2170,124,text,science,0,2026-04-01 06:59:02
2171,87,image,sports,0,2026-03-30 13:42:02
2172,110,text,art,0,2026-03-29 10:13:02
2173,54,video,science,320,2026-03-30 17:20:02
2174,43,text,fashion,0,2026-03-19 21:59:02
2175,56,image,art,0,2026-03-25 20:14:02
2176,35,image,travel,0,2026-03-22 14:07:02
2177,26,text,art,0,2026-03-25 03:36:02
2178,60,video,tech,292,2026-04-01 02:49:02
2179,136,text,art,0,2026-03-19 15:31:02
2180,23,text,gaming,0,2026-03-31 05:37:02
2181,106,video,sports,396,2026-03-31 10:34:02
2182,75,text,science,0,2026-03-26 19:25:02
2183,17,text,music,0,2026-03-28 12:18:02
2184,86,image,sports,0,2026-03-23 12:27:02
2185,98,video,fashion,487,2026-03-30 07:29:02
2186,52,text,gaming,0,2026-03-22 04:04:02
2187,145,image,gaming,0,2026-03-26 11:59:02
2188,132,video,cooking,442,2026-03-24 00:50:02
2189,63,text,cooking,0,2026-03-19 19:08:02
2190,18,text,music,0,2026-03-29 22:21:02
2191,5,image,travel,0,2026-03-29 06:57:02
2192,82,text,news,0,2026-03-21 19:31:02
2193,122,video,cooking,168,2026-03-27 08:44:02
2194,44,image,sports,0,2026-04-01 10:01:02
2195,6,text,travel,0,2026-03-20 20:38:02
2196,85,image,news,0,2026-03-31 19:28:02
2197,136,video,science,93,2026-03-27 12:39:02
2198,82,video,news,290,2026-03-22 12:03:02
2199,69,text,travel,0,2026-04-01 00:28:02
2200,110,text,music,0,2026-03-24 18:01:02
